cement,slag,fly_ash,water,superplasticizer,course_aggregate,fine_aggregate,age,strength,,cement_2,slag_2,fly_ash_2,water_2,superplasticizer_2,course_aggregate_2,fine_aggregate_2,age_2
540,0,0,162,2.5,1040,676,28,79.99,,291600,0,0,26244,6.25,1081600,456976,784
540,0,0,162,2.5,1055,676,28,61.89,,291600,0,0,26244,6.25,1113025,456976,784
332.5,142.5,0,228,0,932,594,270,40.27,,110556.25,20306.25,0,51984,0,868624,352836,72900
332.5,142.5,0,228,0,932,594,365,41.05,,110556.25,20306.25,0,51984,0,868624,352836,133225
198.6,132.4,0,192,0,978.4,825.5,360,44.3,,39441.96,17529.76,0,36864,0,957266.56,681450.25,129600
266,114,0,228,0,932,670,90,47.03,,70756,12996,0,51984,0,868624,448900,8100
380,95,0,228,0,932,594,365,43.7,,144400,9025,0,51984,0,868624,352836,133225
380,95,0,228,0,932,594,28,36.45,,144400,9025,0,51984,0,868624,352836,784
266,114,0,228,0,932,670,28,45.85,,70756,12996,0,51984,0,868624,448900,784
475,0,0,228,0,932,594,28,39.29,,225625,0,0,51984,0,868624,352836,784
198.6,132.4,0,192,0,978.4,825.5,90,38.07,,39441.96,17529.76,0,36864,0,957266.56,681450.25,8100
198.6,132.4,0,192,0,978.4,825.5,28,28.02,,39441.96,17529.76,0,36864,0,957266.56,681450.25,784
427.5,47.5,0,228,0,932,594,270,43.01,,182756.25,2256.25,0,51984,0,868624,352836,72900
190,190,0,228,0,932,670,90,42.33,,36100,36100,0,51984,0,868624,448900,8100
304,76,0,228,0,932,670,28,47.81,,92416,5776,0,51984,0,868624,448900,784
380,0,0,228,0,932,670,90,52.91,,144400,0,0,51984,0,868624,448900,8100
139.6,209.4,0,192,0,1047,806.9,90,39.36,,19488.16,43848.36,0,36864,0,1096209,651087.61,8100
342,38,0,228,0,932,670,365,56.14,,116964,1444,0,51984,0,868624,448900,133225
380,95,0,228,0,932,594,90,40.56,,144400,9025,0,51984,0,868624,352836,8100
475,0,0,228,0,932,594,180,42.62,,225625,0,0,51984,0,868624,352836,32400
427.5,47.5,0,228,0,932,594,180,41.84,,182756.25,2256.25,0,51984,0,868624,352836,32400
139.6,209.4,0,192,0,1047,806.9,28,28.24,,19488.16,43848.36,0,36864,0,1096209,651087.61,784
139.6,209.4,0,192,0,1047,806.9,3,8.06,,19488.16,43848.36,0,36864,0,1096209,651087.61,9
139.6,209.4,0,192,0,1047,806.9,180,44.21,,19488.16,43848.36,0,36864,0,1096209,651087.61,32400
380,0,0,228,0,932,670,365,52.52,,144400,0,0,51984,0,868624,448900,133225
380,0,0,228,0,932,670,270,53.3,,144400,0,0,51984,0,868624,448900,72900
380,95,0,228,0,932,594,270,41.15,,144400,9025,0,51984,0,868624,352836,72900
342,38,0,228,0,932,670,180,52.12,,116964,1444,0,51984,0,868624,448900,32400
427.5,47.5,0,228,0,932,594,28,37.43,,182756.25,2256.25,0,51984,0,868624,352836,784
475,0,0,228,0,932,594,7,38.6,,225625,0,0,51984,0,868624,352836,49
304,76,0,228,0,932,670,365,55.26,,92416,5776,0,51984,0,868624,448900,133225
266,114,0,228,0,932,670,365,52.91,,70756,12996,0,51984,0,868624,448900,133225
198.6,132.4,0,192,0,978.4,825.5,180,41.72,,39441.96,17529.76,0,36864,0,957266.56,681450.25,32400
475,0,0,228,0,932,594,270,42.13,,225625,0,0,51984,0,868624,352836,72900
190,190,0,228,0,932,670,365,53.69,,36100,36100,0,51984,0,868624,448900,133225
237.5,237.5,0,228,0,932,594,270,38.41,,56406.25,56406.25,0,51984,0,868624,352836,72900
237.5,237.5,0,228,0,932,594,28,30.08,,56406.25,56406.25,0,51984,0,868624,352836,784
332.5,142.5,0,228,0,932,594,90,37.72,,110556.25,20306.25,0,51984,0,868624,352836,8100
475,0,0,228,0,932,594,90,42.23,,225625,0,0,51984,0,868624,352836,8100
237.5,237.5,0,228,0,932,594,180,36.25,,56406.25,56406.25,0,51984,0,868624,352836,32400
342,38,0,228,0,932,670,90,50.46,,116964,1444,0,51984,0,868624,448900,8100
427.5,47.5,0,228,0,932,594,365,43.7,,182756.25,2256.25,0,51984,0,868624,352836,133225
237.5,237.5,0,228,0,932,594,365,39,,56406.25,56406.25,0,51984,0,868624,352836,133225
380,0,0,228,0,932,670,180,53.1,,144400,0,0,51984,0,868624,448900,32400
427.5,47.5,0,228,0,932,594,90,41.54,,182756.25,2256.25,0,51984,0,868624,352836,8100
427.5,47.5,0,228,0,932,594,7,35.08,,182756.25,2256.25,0,51984,0,868624,352836,49
349,0,0,192,0,1047,806.9,3,15.05,,121801,0,0,36864,0,1096209,651087.61,9
380,95,0,228,0,932,594,180,40.76,,144400,9025,0,51984,0,868624,352836,32400
237.5,237.5,0,228,0,932,594,7,26.26,,56406.25,56406.25,0,51984,0,868624,352836,49
380,95,0,228,0,932,594,7,32.82,,144400,9025,0,51984,0,868624,352836,49
332.5,142.5,0,228,0,932,594,180,39.78,,110556.25,20306.25,0,51984,0,868624,352836,32400
190,190,0,228,0,932,670,180,46.93,,36100,36100,0,51984,0,868624,448900,32400
237.5,237.5,0,228,0,932,594,90,33.12,,56406.25,56406.25,0,51984,0,868624,352836,8100
304,76,0,228,0,932,670,90,49.19,,92416,5776,0,51984,0,868624,448900,8100
139.6,209.4,0,192,0,1047,806.9,7,14.59,,19488.16,43848.36,0,36864,0,1096209,651087.61,49
198.6,132.4,0,192,0,978.4,825.5,7,14.64,,39441.96,17529.76,0,36864,0,957266.56,681450.25,49
475,0,0,228,0,932,594,365,41.93,,225625,0,0,51984,0,868624,352836,133225
198.6,132.4,0,192,0,978.4,825.5,3,9.13,,39441.96,17529.76,0,36864,0,957266.56,681450.25,9
304,76,0,228,0,932,670,180,50.95,,92416,5776,0,51984,0,868624,448900,32400
332.5,142.5,0,228,0,932,594,28,33.02,,110556.25,20306.25,0,51984,0,868624,352836,784
304,76,0,228,0,932,670,270,54.38,,92416,5776,0,51984,0,868624,448900,72900
266,114,0,228,0,932,670,270,51.73,,70756,12996,0,51984,0,868624,448900,72900
310,0,0,192,0,971,850.6,3,9.87,,96100,0,0,36864,0,942841,723520.36,9
190,190,0,228,0,932,670,270,50.66,,36100,36100,0,51984,0,868624,448900,72900
266,114,0,228,0,932,670,180,48.7,,70756,12996,0,51984,0,868624,448900,32400
342,38,0,228,0,932,670,270,55.06,,116964,1444,0,51984,0,868624,448900,72900
139.6,209.4,0,192,0,1047,806.9,360,44.7,,19488.16,43848.36,0,36864,0,1096209,651087.61,129600
332.5,142.5,0,228,0,932,594,7,30.28,,110556.25,20306.25,0,51984,0,868624,352836,49
190,190,0,228,0,932,670,28,40.86,,36100,36100,0,51984,0,868624,448900,784
485,0,0,146,0,1120,800,28,71.99,,235225,0,0,21316,0,1254400,640000,784
374,189.2,0,170.1,10.1,926.1,756.7,3,34.4,,139876,35796.64,0,28934.01,102.01,857661.21,572594.89,9
313.3,262.2,0,175.5,8.6,1046.9,611.8,3,28.8,,98156.89,68748.84,0,30800.25,73.96,1095999.61,374299.24,9
425,106.3,0,153.5,16.5,852.1,887.1,3,33.4,,180625,11299.69,0,23562.25,272.25,726074.41,786946.41,9
425,106.3,0,151.4,18.6,936,803.7,3,36.3,,180625,11299.69,0,22921.96,345.96,876096,645933.69,9
375,93.8,0,126.6,23.4,852.1,992.6,3,29,,140625,8798.44,0,16027.56,547.56,726074.41,985254.76,9
475,118.8,0,181.1,8.9,852.1,781.5,3,37.8,,225625,14113.44,0,32797.21,79.21,726074.41,610742.25,9
469,117.2,0,137.8,32.2,852.1,840.5,3,40.2,,219961,13735.84,0,18988.84,1036.84,726074.41,706440.25,9
425,106.3,0,153.5,16.5,852.1,887.1,3,33.4,,180625,11299.69,0,23562.25,272.25,726074.41,786946.41,9
388.6,97.1,0,157.9,12.1,852.1,925.7,3,28.1,,151009.96,9428.41,0,24932.41,146.41,726074.41,856920.49,9
531.3,0,0,141.8,28.2,852.1,893.7,3,41.3,,282279.69,0,0,20107.24,795.24,726074.41,798699.69,9
425,106.3,0,153.5,16.5,852.1,887.1,3,33.4,,180625,11299.69,0,23562.25,272.25,726074.41,786946.41,9
318.8,212.5,0,155.7,14.3,852.1,880.4,3,25.2,,101633.44,45156.25,0,24242.49,204.49,726074.41,775104.16,9
401.8,94.7,0,147.4,11.4,946.8,852.1,3,41.1,,161443.24,8968.09,0,21726.76,129.96,896430.24,726074.41,9
362.6,189,0,164.9,11.6,944.7,755.8,3,35.3,,131478.76,35721,0,27192.01,134.56,892458.09,571233.64,9
323.7,282.8,0,183.8,10.3,942.7,659.9,3,28.3,,104781.69,79975.84,0,33782.44,106.09,888683.29,435468.01,9
379.5,151.2,0,153.9,15.9,1134.3,605,3,28.6,,144020.25,22861.44,0,23685.21,252.81,1286636.49,366025,9
362.6,189,0,164.9,11.6,944.7,755.8,3,35.3,,131478.76,35721,0,27192.01,134.56,892458.09,571233.64,9
286.3,200.9,0,144.7,11.2,1004.6,803.7,3,24.4,,81967.69,40360.81,0,20938.09,125.44,1009221.16,645933.69,9
362.6,189,0,164.9,11.6,944.7,755.8,3,35.3,,131478.76,35721,0,27192.01,134.56,892458.09,571233.64,9
439,177,0,186,11.1,884.9,707.9,3,39.3,,192721,31329,0,34596,123.21,783048.01,501122.41,9
389.9,189,0,145.9,22,944.7,755.8,3,40.6,,152022.01,35721,0,21286.81,484,892458.09,571233.64,9
362.6,189,0,164.9,11.6,944.7,755.8,3,35.3,,131478.76,35721,0,27192.01,134.56,892458.09,571233.64,9
337.9,189,0,174.9,9.5,944.7,755.8,3,24.1,,114176.41,35721,0,30590.01,90.25,892458.09,571233.64,9
374,189.2,0,170.1,10.1,926.1,756.7,7,46.2,,139876,35796.64,0,28934.01,102.01,857661.21,572594.89,49
313.3,262.2,0,175.5,8.6,1046.9,611.8,7,42.8,,98156.89,68748.84,0,30800.25,73.96,1095999.61,374299.24,49
425,106.3,0,153.5,16.5,852.1,887.1,7,49.2,,180625,11299.69,0,23562.25,272.25,726074.41,786946.41,49
425,106.3,0,151.4,18.6,936,803.7,7,46.8,,180625,11299.69,0,22921.96,345.96,876096,645933.69,49
375,93.8,0,126.6,23.4,852.1,992.6,7,45.7,,140625,8798.44,0,16027.56,547.56,726074.41,985254.76,49
475,118.8,0,181.1,8.9,852.1,781.5,7,55.6,,225625,14113.44,0,32797.21,79.21,726074.41,610742.25,49
469,117.2,0,137.8,32.2,852.1,840.5,7,54.9,,219961,13735.84,0,18988.84,1036.84,726074.41,706440.25,49
425,106.3,0,153.5,16.5,852.1,887.1,7,49.2,,180625,11299.69,0,23562.25,272.25,726074.41,786946.41,49
388.6,97.1,0,157.9,12.1,852.1,925.7,7,34.9,,151009.96,9428.41,0,24932.41,146.41,726074.41,856920.49,49
531.3,0,0,141.8,28.2,852.1,893.7,7,46.9,,282279.69,0,0,20107.24,795.24,726074.41,798699.69,49
425,106.3,0,153.5,16.5,852.1,887.1,7,49.2,,180625,11299.69,0,23562.25,272.25,726074.41,786946.41,49
318.8,212.5,0,155.7,14.3,852.1,880.4,7,33.4,,101633.44,45156.25,0,24242.49,204.49,726074.41,775104.16,49
401.8,94.7,0,147.4,11.4,946.8,852.1,7,54.1,,161443.24,8968.09,0,21726.76,129.96,896430.24,726074.41,49
362.6,189,0,164.9,11.6,944.7,755.8,7,55.9,,131478.76,35721,0,27192.01,134.56,892458.09,571233.64,49
323.7,282.8,0,183.8,10.3,942.7,659.9,7,49.8,,104781.69,79975.84,0,33782.44,106.09,888683.29,435468.01,49
379.5,151.2,0,153.9,15.9,1134.3,605,7,47.1,,144020.25,22861.44,0,23685.21,252.81,1286636.49,366025,49
362.6,189,0,164.9,11.6,944.7,755.8,7,55.9,,131478.76,35721,0,27192.01,134.56,892458.09,571233.64,49
286.3,200.9,0,144.7,11.2,1004.6,803.7,7,38,,81967.69,40360.81,0,20938.09,125.44,1009221.16,645933.69,49
362.6,189,0,164.9,11.6,944.7,755.8,7,55.9,,131478.76,35721,0,27192.01,134.56,892458.09,571233.64,49
439,177,0,186,11.1,884.9,707.9,7,56.1,,192721,31329,0,34596,123.21,783048.01,501122.41,49
389.9,189,0,145.9,22,944.7,755.8,7,59.09,,152022.01,35721,0,21286.81,484,892458.09,571233.64,49
362.6,189,0,164.9,11.6,944.7,755.8,7,22.9,,131478.76,35721,0,27192.01,134.56,892458.09,571233.64,49
337.9,189,0,174.9,9.5,944.7,755.8,7,35.1,,114176.41,35721,0,30590.01,90.25,892458.09,571233.64,49
374,189.2,0,170.1,10.1,926.1,756.7,28,61.09,,139876,35796.64,0,28934.01,102.01,857661.21,572594.89,784
313.3,262.2,0,175.5,8.6,1046.9,611.8,28,59.8,,98156.89,68748.84,0,30800.25,73.96,1095999.61,374299.24,784
425,106.3,0,153.5,16.5,852.1,887.1,28,60.29,,180625,11299.69,0,23562.25,272.25,726074.41,786946.41,784
425,106.3,0,151.4,18.6,936,803.7,28,61.8,,180625,11299.69,0,22921.96,345.96,876096,645933.69,784
375,93.8,0,126.6,23.4,852.1,992.6,28,56.7,,140625,8798.44,0,16027.56,547.56,726074.41,985254.76,784
475,118.8,0,181.1,8.9,852.1,781.5,28,68.3,,225625,14113.44,0,32797.21,79.21,726074.41,610742.25,784
469,117.2,0,137.8,32.2,852.1,840.5,28,66.9,,219961,13735.84,0,18988.84,1036.84,726074.41,706440.25,784
425,106.3,0,153.5,16.5,852.1,887.1,28,60.29,,180625,11299.69,0,23562.25,272.25,726074.41,786946.41,784
388.6,97.1,0,157.9,12.1,852.1,925.7,28,50.7,,151009.96,9428.41,0,24932.41,146.41,726074.41,856920.49,784
531.3,0,0,141.8,28.2,852.1,893.7,28,56.4,,282279.69,0,0,20107.24,795.24,726074.41,798699.69,784
425,106.3,0,153.5,16.5,852.1,887.1,28,60.29,,180625,11299.69,0,23562.25,272.25,726074.41,786946.41,784
318.8,212.5,0,155.7,14.3,852.1,880.4,28,55.5,,101633.44,45156.25,0,24242.49,204.49,726074.41,775104.16,784
401.8,94.7,0,147.4,11.4,946.8,852.1,28,68.5,,161443.24,8968.09,0,21726.76,129.96,896430.24,726074.41,784
362.6,189,0,164.9,11.6,944.7,755.8,28,71.3,,131478.76,35721,0,27192.01,134.56,892458.09,571233.64,784
323.7,282.8,0,183.8,10.3,942.7,659.9,28,74.7,,104781.69,79975.84,0,33782.44,106.09,888683.29,435468.01,784
379.5,151.2,0,153.9,15.9,1134.3,605,28,52.2,,144020.25,22861.44,0,23685.21,252.81,1286636.49,366025,784
362.6,189,0,164.9,11.6,944.7,755.8,28,71.3,,131478.76,35721,0,27192.01,134.56,892458.09,571233.64,784
286.3,200.9,0,144.7,11.2,1004.6,803.7,28,67.7,,81967.69,40360.81,0,20938.09,125.44,1009221.16,645933.69,784
362.6,189,0,164.9,11.6,944.7,755.8,28,71.3,,131478.76,35721,0,27192.01,134.56,892458.09,571233.64,784
439,177,0,186,11.1,884.9,707.9,28,66,,192721,31329,0,34596,123.21,783048.01,501122.41,784
389.9,189,0,145.9,22,944.7,755.8,28,74.5,,152022.01,35721,0,21286.81,484,892458.09,571233.64,784
362.6,189,0,164.9,11.6,944.7,755.8,28,71.3,,131478.76,35721,0,27192.01,134.56,892458.09,571233.64,784
337.9,189,0,174.9,9.5,944.7,755.8,28,49.9,,114176.41,35721,0,30590.01,90.25,892458.09,571233.64,784
374,189.2,0,170.1,10.1,926.1,756.7,56,63.4,,139876,35796.64,0,28934.01,102.01,857661.21,572594.89,3136
313.3,262.2,0,175.5,8.6,1046.9,611.8,56,64.9,,98156.89,68748.84,0,30800.25,73.96,1095999.61,374299.24,3136
425,106.3,0,153.5,16.5,852.1,887.1,56,64.3,,180625,11299.69,0,23562.25,272.25,726074.41,786946.41,3136
425,106.3,0,151.4,18.6,936,803.7,56,64.9,,180625,11299.69,0,22921.96,345.96,876096,645933.69,3136
375,93.8,0,126.6,23.4,852.1,992.6,56,60.2,,140625,8798.44,0,16027.56,547.56,726074.41,985254.76,3136
475,118.8,0,181.1,8.9,852.1,781.5,56,72.3,,225625,14113.44,0,32797.21,79.21,726074.41,610742.25,3136
469,117.2,0,137.8,32.2,852.1,840.5,56,69.3,,219961,13735.84,0,18988.84,1036.84,726074.41,706440.25,3136
425,106.3,0,153.5,16.5,852.1,887.1,56,64.3,,180625,11299.69,0,23562.25,272.25,726074.41,786946.41,3136
388.6,97.1,0,157.9,12.1,852.1,925.7,56,55.2,,151009.96,9428.41,0,24932.41,146.41,726074.41,856920.49,3136
531.3,0,0,141.8,28.2,852.1,893.7,56,58.8,,282279.69,0,0,20107.24,795.24,726074.41,798699.69,3136
425,106.3,0,153.5,16.5,852.1,887.1,56,64.3,,180625,11299.69,0,23562.25,272.25,726074.41,786946.41,3136
318.8,212.5,0,155.7,14.3,852.1,880.4,56,66.1,,101633.44,45156.25,0,24242.49,204.49,726074.41,775104.16,3136
401.8,94.7,0,147.4,11.4,946.8,852.1,56,73.7,,161443.24,8968.09,0,21726.76,129.96,896430.24,726074.41,3136
362.6,189,0,164.9,11.6,944.7,755.8,56,77.3,,131478.76,35721,0,27192.01,134.56,892458.09,571233.64,3136
323.7,282.8,0,183.8,10.3,942.7,659.9,56,80.2,,104781.69,79975.84,0,33782.44,106.09,888683.29,435468.01,3136
379.5,151.2,0,153.9,15.9,1134.3,605,56,54.9,,144020.25,22861.44,0,23685.21,252.81,1286636.49,366025,3136
362.6,189,0,164.9,11.6,944.7,755.8,56,77.3,,131478.76,35721,0,27192.01,134.56,892458.09,571233.64,3136
286.3,200.9,0,144.7,11.2,1004.6,803.7,56,72.99,,81967.69,40360.81,0,20938.09,125.44,1009221.16,645933.69,3136
362.6,189,0,164.9,11.6,944.7,755.8,56,77.3,,131478.76,35721,0,27192.01,134.56,892458.09,571233.64,3136
439,177,0,186,11.1,884.9,707.9,56,71.7,,192721,31329,0,34596,123.21,783048.01,501122.41,3136
389.9,189,0,145.9,22,944.7,755.8,56,79.4,,152022.01,35721,0,21286.81,484,892458.09,571233.64,3136
362.6,189,0,164.9,11.6,944.7,755.8,56,77.3,,131478.76,35721,0,27192.01,134.56,892458.09,571233.64,3136
337.9,189,0,174.9,9.5,944.7,755.8,56,59.89,,114176.41,35721,0,30590.01,90.25,892458.09,571233.64,3136
374,189.2,0,170.1,10.1,926.1,756.7,91,64.9,,139876,35796.64,0,28934.01,102.01,857661.21,572594.89,8281
313.3,262.2,0,175.5,8.6,1046.9,611.8,91,66.6,,98156.89,68748.84,0,30800.25,73.96,1095999.61,374299.24,8281
425,106.3,0,153.5,16.5,852.1,887.1,91,65.2,,180625,11299.69,0,23562.25,272.25,726074.41,786946.41,8281
425,106.3,0,151.4,18.6,936,803.7,91,66.7,,180625,11299.69,0,22921.96,345.96,876096,645933.69,8281
375,93.8,0,126.6,23.4,852.1,992.6,91,62.5,,140625,8798.44,0,16027.56,547.56,726074.41,985254.76,8281
475,118.8,0,181.1,8.9,852.1,781.5,91,74.19,,225625,14113.44,0,32797.21,79.21,726074.41,610742.25,8281
469,117.2,0,137.8,32.2,852.1,840.5,91,70.7,,219961,13735.84,0,18988.84,1036.84,726074.41,706440.25,8281
425,106.3,0,153.5,16.5,852.1,887.1,91,65.2,,180625,11299.69,0,23562.25,272.25,726074.41,786946.41,8281
388.6,97.1,0,157.9,12.1,852.1,925.7,91,57.6,,151009.96,9428.41,0,24932.41,146.41,726074.41,856920.49,8281
531.3,0,0,141.8,28.2,852.1,893.7,91,59.2,,282279.69,0,0,20107.24,795.24,726074.41,798699.69,8281
425,106.3,0,153.5,16.5,852.1,887.1,91,65.2,,180625,11299.69,0,23562.25,272.25,726074.41,786946.41,8281
318.8,212.5,0,155.7,14.3,852.1,880.4,91,68.1,,101633.44,45156.25,0,24242.49,204.49,726074.41,775104.16,8281
401.8,94.7,0,147.4,11.4,946.8,852.1,91,75.5,,161443.24,8968.09,0,21726.76,129.96,896430.24,726074.41,8281
362.6,189,0,164.9,11.6,944.7,755.8,91,79.3,,131478.76,35721,0,27192.01,134.56,892458.09,571233.64,8281
379.5,151.2,0,153.9,15.9,1134.3,605,91,56.5,,144020.25,22861.44,0,23685.21,252.81,1286636.49,366025,8281
362.6,189,0,164.9,11.6,944.7,755.8,91,79.3,,131478.76,35721,0,27192.01,134.56,892458.09,571233.64,8281
286.3,200.9,0,144.7,11.2,1004.6,803.7,91,76.8,,81967.69,40360.81,0,20938.09,125.44,1009221.16,645933.69,8281
362.6,189,0,164.9,11.6,944.7,755.8,91,79.3,,131478.76,35721,0,27192.01,134.56,892458.09,571233.64,8281
439,177,0,186,11.1,884.9,707.9,91,73.3,,192721,31329,0,34596,123.21,783048.01,501122.41,8281
389.9,189,0,145.9,22,944.7,755.8,91,82.6,,152022.01,35721,0,21286.81,484,892458.09,571233.64,8281
362.6,189,0,164.9,11.6,944.7,755.8,91,79.3,,131478.76,35721,0,27192.01,134.56,892458.09,571233.64,8281
337.9,189,0,174.9,9.5,944.7,755.8,91,67.8,,114176.41,35721,0,30590.01,90.25,892458.09,571233.64,8281
222.4,0,96.7,189.3,4.5,967.1,870.3,3,11.58,,49461.76,0,9350.89,35834.49,20.25,935282.41,757422.09,9
222.4,0,96.7,189.3,4.5,967.1,870.3,14,24.45,,49461.76,0,9350.89,35834.49,20.25,935282.41,757422.09,196
222.4,0,96.7,189.3,4.5,967.1,870.3,28,24.89,,49461.76,0,9350.89,35834.49,20.25,935282.41,757422.09,784
222.4,0,96.7,189.3,4.5,967.1,870.3,56,29.45,,49461.76,0,9350.89,35834.49,20.25,935282.41,757422.09,3136
222.4,0,96.7,189.3,4.5,967.1,870.3,100,40.71,,49461.76,0,9350.89,35834.49,20.25,935282.41,757422.09,10000
233.8,0,94.6,197.9,4.6,947,852.2,3,10.38,,54662.44,0,8949.16,39164.41,21.16,896809,726244.84,9
233.8,0,94.6,197.9,4.6,947,852.2,14,22.14,,54662.44,0,8949.16,39164.41,21.16,896809,726244.84,196
233.8,0,94.6,197.9,4.6,947,852.2,28,22.84,,54662.44,0,8949.16,39164.41,21.16,896809,726244.84,784
233.8,0,94.6,197.9,4.6,947,852.2,56,27.66,,54662.44,0,8949.16,39164.41,21.16,896809,726244.84,3136
233.8,0,94.6,197.9,4.6,947,852.2,100,34.56,,54662.44,0,8949.16,39164.41,21.16,896809,726244.84,10000
194.7,0,100.5,165.6,7.5,1006.4,905.9,3,12.45,,37908.09,0,10100.25,27423.36,56.25,1012840.96,820654.81,9
194.7,0,100.5,165.6,7.5,1006.4,905.9,14,24.99,,37908.09,0,10100.25,27423.36,56.25,1012840.96,820654.81,196
194.7,0,100.5,165.6,7.5,1006.4,905.9,28,25.72,,37908.09,0,10100.25,27423.36,56.25,1012840.96,820654.81,784
194.7,0,100.5,165.6,7.5,1006.4,905.9,56,33.96,,37908.09,0,10100.25,27423.36,56.25,1012840.96,820654.81,3136
194.7,0,100.5,165.6,7.5,1006.4,905.9,100,37.34,,37908.09,0,10100.25,27423.36,56.25,1012840.96,820654.81,10000
190.7,0,125.4,162.1,7.8,1090,804,3,15.04,,36366.49,0,15725.16,26276.41,60.84,1188100,646416,9
190.7,0,125.4,162.1,7.8,1090,804,14,21.06,,36366.49,0,15725.16,26276.41,60.84,1188100,646416,196
190.7,0,125.4,162.1,7.8,1090,804,28,26.4,,36366.49,0,15725.16,26276.41,60.84,1188100,646416,784
190.7,0,125.4,162.1,7.8,1090,804,56,35.34,,36366.49,0,15725.16,26276.41,60.84,1188100,646416,3136
190.7,0,125.4,162.1,7.8,1090,804,100,40.57,,36366.49,0,15725.16,26276.41,60.84,1188100,646416,10000
212.1,0,121.6,180.3,5.7,1057.6,779.3,3,12.47,,44986.41,0,14786.56,32508.09,32.49,1118517.76,607308.49,9
212.1,0,121.6,180.3,5.7,1057.6,779.3,14,20.92,,44986.41,0,14786.56,32508.09,32.49,1118517.76,607308.49,196
212.1,0,121.6,180.3,5.7,1057.6,779.3,28,24.9,,44986.41,0,14786.56,32508.09,32.49,1118517.76,607308.49,784
212.1,0,121.6,180.3,5.7,1057.6,779.3,56,34.2,,44986.41,0,14786.56,32508.09,32.49,1118517.76,607308.49,3136
212.1,0,121.6,180.3,5.7,1057.6,779.3,100,39.61,,44986.41,0,14786.56,32508.09,32.49,1118517.76,607308.49,10000
230,0,118.3,195.5,4.6,1029.4,758.6,3,10.03,,52900,0,13994.89,38220.25,21.16,1059664.36,575473.96,9
230,0,118.3,195.5,4.6,1029.4,758.6,14,20.08,,52900,0,13994.89,38220.25,21.16,1059664.36,575473.96,196
230,0,118.3,195.5,4.6,1029.4,758.6,28,24.48,,52900,0,13994.89,38220.25,21.16,1059664.36,575473.96,784
230,0,118.3,195.5,4.6,1029.4,758.6,56,31.54,,52900,0,13994.89,38220.25,21.16,1059664.36,575473.96,3136
230,0,118.3,195.5,4.6,1029.4,758.6,100,35.34,,52900,0,13994.89,38220.25,21.16,1059664.36,575473.96,10000
190.3,0,125.2,161.9,9.9,1088.1,802.6,3,9.45,,36214.09,0,15675.04,26211.61,98.01,1183961.61,644166.76,9
190.3,0,125.2,161.9,9.9,1088.1,802.6,14,22.72,,36214.09,0,15675.04,26211.61,98.01,1183961.61,644166.76,196
190.3,0,125.2,161.9,9.9,1088.1,802.6,28,28.47,,36214.09,0,15675.04,26211.61,98.01,1183961.61,644166.76,784
190.3,0,125.2,161.9,9.9,1088.1,802.6,56,38.56,,36214.09,0,15675.04,26211.61,98.01,1183961.61,644166.76,3136
190.3,0,125.2,161.9,9.9,1088.1,802.6,100,40.39,,36214.09,0,15675.04,26211.61,98.01,1183961.61,644166.76,10000
166.1,0,163.3,176.5,4.5,1058.6,780.1,3,10.76,,27589.21,0,26666.89,31152.25,20.25,1120633.96,608556.01,9
166.1,0,163.3,176.5,4.5,1058.6,780.1,14,25.48,,27589.21,0,26666.89,31152.25,20.25,1120633.96,608556.01,196
166.1,0,163.3,176.5,4.5,1058.6,780.1,28,21.54,,27589.21,0,26666.89,31152.25,20.25,1120633.96,608556.01,784
166.1,0,163.3,176.5,4.5,1058.6,780.1,56,28.63,,27589.21,0,26666.89,31152.25,20.25,1120633.96,608556.01,3136
166.1,0,163.3,176.5,4.5,1058.6,780.1,100,33.54,,27589.21,0,26666.89,31152.25,20.25,1120633.96,608556.01,10000
168,42.1,163.8,121.8,5.7,1058.7,780.1,3,7.75,,28224,1772.41,26830.44,14835.24,32.49,1120845.69,608556.01,9
168,42.1,163.8,121.8,5.7,1058.7,780.1,14,17.82,,28224,1772.41,26830.44,14835.24,32.49,1120845.69,608556.01,196
168,42.1,163.8,121.8,5.7,1058.7,780.1,28,24.24,,28224,1772.41,26830.44,14835.24,32.49,1120845.69,608556.01,784
168,42.1,163.8,121.8,5.7,1058.7,780.1,56,32.85,,28224,1772.41,26830.44,14835.24,32.49,1120845.69,608556.01,3136
168,42.1,163.8,121.8,5.7,1058.7,780.1,100,39.23,,28224,1772.41,26830.44,14835.24,32.49,1120845.69,608556.01,10000
213.7,98.1,24.5,181.7,6.9,1065.8,785.4,3,18,,45667.69,9623.61,600.25,33014.89,47.61,1135929.64,616853.16,9
213.7,98.1,24.5,181.7,6.9,1065.8,785.4,14,30.39,,45667.69,9623.61,600.25,33014.89,47.61,1135929.64,616853.16,196
213.7,98.1,24.5,181.7,6.9,1065.8,785.4,28,45.71,,45667.69,9623.61,600.25,33014.89,47.61,1135929.64,616853.16,784
213.7,98.1,24.5,181.7,6.9,1065.8,785.4,56,50.77,,45667.69,9623.61,600.25,33014.89,47.61,1135929.64,616853.16,3136
213.7,98.1,24.5,181.7,6.9,1065.8,785.4,100,53.9,,45667.69,9623.61,600.25,33014.89,47.61,1135929.64,616853.16,10000
213.8,98.1,24.5,181.7,6.7,1066,785.5,3,13.18,,45710.44,9623.61,600.25,33014.89,44.89,1136356,617010.25,9
213.8,98.1,24.5,181.7,6.7,1066,785.5,14,17.84,,45710.44,9623.61,600.25,33014.89,44.89,1136356,617010.25,196
213.8,98.1,24.5,181.7,6.7,1066,785.5,28,40.23,,45710.44,9623.61,600.25,33014.89,44.89,1136356,617010.25,784
213.8,98.1,24.5,181.7,6.7,1066,785.5,56,47.13,,45710.44,9623.61,600.25,33014.89,44.89,1136356,617010.25,3136
213.8,98.1,24.5,181.7,6.7,1066,785.5,100,49.97,,45710.44,9623.61,600.25,33014.89,44.89,1136356,617010.25,10000
229.7,0,118.2,195.2,6.1,1028.1,757.6,3,13.36,,52762.09,0,13971.24,38103.04,37.21,1056989.61,573957.76,9
229.7,0,118.2,195.2,6.1,1028.1,757.6,14,22.32,,52762.09,0,13971.24,38103.04,37.21,1056989.61,573957.76,196
229.7,0,118.2,195.2,6.1,1028.1,757.6,28,24.54,,52762.09,0,13971.24,38103.04,37.21,1056989.61,573957.76,784
229.7,0,118.2,195.2,6.1,1028.1,757.6,56,31.35,,52762.09,0,13971.24,38103.04,37.21,1056989.61,573957.76,3136
229.7,0,118.2,195.2,6.1,1028.1,757.6,100,40.86,,52762.09,0,13971.24,38103.04,37.21,1056989.61,573957.76,10000
238.1,0,94.1,186.7,7,949.9,847,3,19.93,,56691.61,0,8854.81,34856.89,49,902310.01,717409,9
238.1,0,94.1,186.7,7,949.9,847,14,25.69,,56691.61,0,8854.81,34856.89,49,902310.01,717409,196
238.1,0,94.1,186.7,7,949.9,847,28,30.23,,56691.61,0,8854.81,34856.89,49,902310.01,717409,784
238.1,0,94.1,186.7,7,949.9,847,56,39.59,,56691.61,0,8854.81,34856.89,49,902310.01,717409,3136
238.1,0,94.1,186.7,7,949.9,847,100,44.3,,56691.61,0,8854.81,34856.89,49,902310.01,717409,10000
250,0,95.7,187.4,5.5,956.9,861.2,3,13.82,,62500,0,9158.49,35118.76,30.25,915657.61,741665.44,9
250,0,95.7,187.4,5.5,956.9,861.2,14,24.92,,62500,0,9158.49,35118.76,30.25,915657.61,741665.44,196
250,0,95.7,187.4,5.5,956.9,861.2,28,29.22,,62500,0,9158.49,35118.76,30.25,915657.61,741665.44,784
250,0,95.7,187.4,5.5,956.9,861.2,56,38.33,,62500,0,9158.49,35118.76,30.25,915657.61,741665.44,3136
250,0,95.7,187.4,5.5,956.9,861.2,100,42.35,,62500,0,9158.49,35118.76,30.25,915657.61,741665.44,10000
212.5,0,100.4,159.3,8.7,1007.8,903.6,3,13.54,,45156.25,0,10080.16,25376.49,75.69,1015660.84,816492.96,9
212.5,0,100.4,159.3,8.7,1007.8,903.6,14,26.31,,45156.25,0,10080.16,25376.49,75.69,1015660.84,816492.96,196
212.5,0,100.4,159.3,8.7,1007.8,903.6,28,31.64,,45156.25,0,10080.16,25376.49,75.69,1015660.84,816492.96,784
212.5,0,100.4,159.3,8.7,1007.8,903.6,56,42.55,,45156.25,0,10080.16,25376.49,75.69,1015660.84,816492.96,3136
212.5,0,100.4,159.3,8.7,1007.8,903.6,100,42.92,,45156.25,0,10080.16,25376.49,75.69,1015660.84,816492.96,10000
212.6,0,100.4,159.4,10.4,1003.8,903.8,3,13.33,,45198.76,0,10080.16,25408.36,108.16,1007614.44,816854.44,9
212.6,0,100.4,159.4,10.4,1003.8,903.8,14,25.37,,45198.76,0,10080.16,25408.36,108.16,1007614.44,816854.44,196
212.6,0,100.4,159.4,10.4,1003.8,903.8,28,37.4,,45198.76,0,10080.16,25408.36,108.16,1007614.44,816854.44,784
212.6,0,100.4,159.4,10.4,1003.8,903.8,56,44.4,,45198.76,0,10080.16,25408.36,108.16,1007614.44,816854.44,3136
212.6,0,100.4,159.4,10.4,1003.8,903.8,100,47.74,,45198.76,0,10080.16,25408.36,108.16,1007614.44,816854.44,10000
212,0,124.8,159,7.8,1085.4,799.5,3,19.52,,44944,0,15575.04,25281,60.84,1178093.16,639200.25,9
212,0,124.8,159,7.8,1085.4,799.5,14,31.35,,44944,0,15575.04,25281,60.84,1178093.16,639200.25,196
212,0,124.8,159,7.8,1085.4,799.5,28,38.5,,44944,0,15575.04,25281,60.84,1178093.16,639200.25,784
212,0,124.8,159,7.8,1085.4,799.5,56,45.08,,44944,0,15575.04,25281,60.84,1178093.16,639200.25,3136
212,0,124.8,159,7.8,1085.4,799.5,100,47.82,,44944,0,15575.04,25281,60.84,1178093.16,639200.25,10000
231.8,0,121.6,174,6.7,1056.4,778.5,3,15.44,,53731.24,0,14786.56,30276,44.89,1115980.96,606062.25,9
231.8,0,121.6,174,6.7,1056.4,778.5,14,26.77,,53731.24,0,14786.56,30276,44.89,1115980.96,606062.25,196
231.8,0,121.6,174,6.7,1056.4,778.5,28,33.73,,53731.24,0,14786.56,30276,44.89,1115980.96,606062.25,784
231.8,0,121.6,174,6.7,1056.4,778.5,56,42.7,,53731.24,0,14786.56,30276,44.89,1115980.96,606062.25,3136
231.8,0,121.6,174,6.7,1056.4,778.5,100,45.84,,53731.24,0,14786.56,30276,44.89,1115980.96,606062.25,10000
251.4,0,118.3,188.5,5.8,1028.4,757.7,3,17.22,,63201.96,0,13994.89,35532.25,33.64,1057606.56,574109.29,9
251.4,0,118.3,188.5,5.8,1028.4,757.7,14,29.93,,63201.96,0,13994.89,35532.25,33.64,1057606.56,574109.29,196
251.4,0,118.3,188.5,5.8,1028.4,757.7,28,29.65,,63201.96,0,13994.89,35532.25,33.64,1057606.56,574109.29,784
251.4,0,118.3,188.5,5.8,1028.4,757.7,56,36.97,,63201.96,0,13994.89,35532.25,33.64,1057606.56,574109.29,3136
251.4,0,118.3,188.5,5.8,1028.4,757.7,100,43.58,,63201.96,0,13994.89,35532.25,33.64,1057606.56,574109.29,10000
251.4,0,118.3,188.5,6.4,1028.4,757.7,3,13.12,,63201.96,0,13994.89,35532.25,40.96,1057606.56,574109.29,9
251.4,0,118.3,188.5,6.4,1028.4,757.7,14,24.43,,63201.96,0,13994.89,35532.25,40.96,1057606.56,574109.29,196
251.4,0,118.3,188.5,6.4,1028.4,757.7,28,32.66,,63201.96,0,13994.89,35532.25,40.96,1057606.56,574109.29,784
251.4,0,118.3,188.5,6.4,1028.4,757.7,56,36.64,,63201.96,0,13994.89,35532.25,40.96,1057606.56,574109.29,3136
251.4,0,118.3,188.5,6.4,1028.4,757.7,100,44.21,,63201.96,0,13994.89,35532.25,40.96,1057606.56,574109.29,10000
181.4,0,167,169.6,7.6,1055.6,777.8,3,13.62,,32905.96,0,27889,28764.16,57.76,1114291.36,604972.84,9
181.4,0,167,169.6,7.6,1055.6,777.8,14,21.6,,32905.96,0,27889,28764.16,57.76,1114291.36,604972.84,196
181.4,0,167,169.6,7.6,1055.6,777.8,28,27.77,,32905.96,0,27889,28764.16,57.76,1114291.36,604972.84,784
181.4,0,167,169.6,7.6,1055.6,777.8,56,35.57,,32905.96,0,27889,28764.16,57.76,1114291.36,604972.84,3136
181.4,0,167,169.6,7.6,1055.6,777.8,100,45.37,,32905.96,0,27889,28764.16,57.76,1114291.36,604972.84,10000
182,45.2,122,170.2,8.2,1059.4,780.7,3,7.32,,33124,2043.04,14884,28968.04,67.24,1122328.36,609492.49,9
182,45.2,122,170.2,8.2,1059.4,780.7,14,21.5,,33124,2043.04,14884,28968.04,67.24,1122328.36,609492.49,196
182,45.2,122,170.2,8.2,1059.4,780.7,28,31.27,,33124,2043.04,14884,28968.04,67.24,1122328.36,609492.49,784
182,45.2,122,170.2,8.2,1059.4,780.7,56,43.5,,33124,2043.04,14884,28968.04,67.24,1122328.36,609492.49,3136
182,45.2,122,170.2,8.2,1059.4,780.7,100,48.67,,33124,2043.04,14884,28968.04,67.24,1122328.36,609492.49,10000
168.9,42.2,124.3,158.3,10.8,1080.8,796.2,3,7.4,,28527.21,1780.84,15450.49,25058.89,116.64,1168128.64,633934.44,9
168.9,42.2,124.3,158.3,10.8,1080.8,796.2,14,23.51,,28527.21,1780.84,15450.49,25058.89,116.64,1168128.64,633934.44,196
168.9,42.2,124.3,158.3,10.8,1080.8,796.2,28,31.12,,28527.21,1780.84,15450.49,25058.89,116.64,1168128.64,633934.44,784
168.9,42.2,124.3,158.3,10.8,1080.8,796.2,56,39.15,,28527.21,1780.84,15450.49,25058.89,116.64,1168128.64,633934.44,3136
168.9,42.2,124.3,158.3,10.8,1080.8,796.2,100,48.15,,28527.21,1780.84,15450.49,25058.89,116.64,1168128.64,633934.44,10000
290.4,0,96.2,168.1,9.4,961.2,865,3,22.5,,84332.16,0,9254.44,28257.61,88.36,923905.44,748225,9
290.4,0,96.2,168.1,9.4,961.2,865,14,34.67,,84332.16,0,9254.44,28257.61,88.36,923905.44,748225,196
290.4,0,96.2,168.1,9.4,961.2,865,28,34.74,,84332.16,0,9254.44,28257.61,88.36,923905.44,748225,784
290.4,0,96.2,168.1,9.4,961.2,865,56,45.08,,84332.16,0,9254.44,28257.61,88.36,923905.44,748225,3136
290.4,0,96.2,168.1,9.4,961.2,865,100,48.97,,84332.16,0,9254.44,28257.61,88.36,923905.44,748225,10000
277.1,0,97.4,160.6,11.8,973.9,875.6,3,23.14,,76784.41,0,9486.76,25792.36,139.24,948481.21,766675.36,9
277.1,0,97.4,160.6,11.8,973.9,875.6,14,41.89,,76784.41,0,9486.76,25792.36,139.24,948481.21,766675.36,196
277.1,0,97.4,160.6,11.8,973.9,875.6,28,48.28,,76784.41,0,9486.76,25792.36,139.24,948481.21,766675.36,784
277.1,0,97.4,160.6,11.8,973.9,875.6,56,51.04,,76784.41,0,9486.76,25792.36,139.24,948481.21,766675.36,3136
277.1,0,97.4,160.6,11.8,973.9,875.6,100,55.64,,76784.41,0,9486.76,25792.36,139.24,948481.21,766675.36,10000
295.7,0,95.6,171.5,8.9,955.1,859.2,3,22.95,,87438.49,0,9139.36,29412.25,79.21,912216.01,738224.64,9
295.7,0,95.6,171.5,8.9,955.1,859.2,14,35.23,,87438.49,0,9139.36,29412.25,79.21,912216.01,738224.64,196
295.7,0,95.6,171.5,8.9,955.1,859.2,28,39.94,,87438.49,0,9139.36,29412.25,79.21,912216.01,738224.64,784
295.7,0,95.6,171.5,8.9,955.1,859.2,56,48.72,,87438.49,0,9139.36,29412.25,79.21,912216.01,738224.64,3136
295.7,0,95.6,171.5,8.9,955.1,859.2,100,52.04,,87438.49,0,9139.36,29412.25,79.21,912216.01,738224.64,10000
251.8,0,99.9,146.1,12.4,1006,899.8,3,21.02,,63403.24,0,9980.01,21345.21,153.76,1012036,809640.04,9
251.8,0,99.9,146.1,12.4,1006,899.8,14,33.36,,63403.24,0,9980.01,21345.21,153.76,1012036,809640.04,196
251.8,0,99.9,146.1,12.4,1006,899.8,28,33.94,,63403.24,0,9980.01,21345.21,153.76,1012036,809640.04,784
251.8,0,99.9,146.1,12.4,1006,899.8,56,44.14,,63403.24,0,9980.01,21345.21,153.76,1012036,809640.04,3136
251.8,0,99.9,146.1,12.4,1006,899.8,100,45.37,,63403.24,0,9980.01,21345.21,153.76,1012036,809640.04,10000
249.1,0,98.8,158.1,12.8,987.8,889,3,15.36,,62050.81,0,9761.44,24995.61,163.84,975748.84,790321,9
249.1,0,98.8,158.1,12.8,987.8,889,14,28.68,,62050.81,0,9761.44,24995.61,163.84,975748.84,790321,196
249.1,0,98.8,158.1,12.8,987.8,889,28,30.85,,62050.81,0,9761.44,24995.61,163.84,975748.84,790321,784
249.1,0,98.8,158.1,12.8,987.8,889,56,42.03,,62050.81,0,9761.44,24995.61,163.84,975748.84,790321,3136
249.1,0,98.8,158.1,12.8,987.8,889,100,51.06,,62050.81,0,9761.44,24995.61,163.84,975748.84,790321,10000
252.3,0,98.8,146.3,14.2,987.8,889,3,21.78,,63655.29,0,9761.44,21403.69,201.64,975748.84,790321,9
252.3,0,98.8,146.3,14.2,987.8,889,14,42.29,,63655.29,0,9761.44,21403.69,201.64,975748.84,790321,196
252.3,0,98.8,146.3,14.2,987.8,889,28,50.6,,63655.29,0,9761.44,21403.69,201.64,975748.84,790321,784
252.3,0,98.8,146.3,14.2,987.8,889,56,55.83,,63655.29,0,9761.44,21403.69,201.64,975748.84,790321,3136
252.3,0,98.8,146.3,14.2,987.8,889,100,60.95,,63655.29,0,9761.44,21403.69,201.64,975748.84,790321,10000
246.8,0,125.1,143.3,12,1086.8,800.9,3,23.52,,60910.24,0,15650.01,20534.89,144,1181134.24,641440.81,9
246.8,0,125.1,143.3,12,1086.8,800.9,14,42.22,,60910.24,0,15650.01,20534.89,144,1181134.24,641440.81,196
246.8,0,125.1,143.3,12,1086.8,800.9,28,52.5,,60910.24,0,15650.01,20534.89,144,1181134.24,641440.81,784
246.8,0,125.1,143.3,12,1086.8,800.9,56,60.32,,60910.24,0,15650.01,20534.89,144,1181134.24,641440.81,3136
246.8,0,125.1,143.3,12,1086.8,800.9,100,66.42,,60910.24,0,15650.01,20534.89,144,1181134.24,641440.81,10000
275.1,0,121.4,159.5,9.9,1053.6,777.5,3,23.8,,75680.01,0,14737.96,25440.25,98.01,1110072.96,604506.25,9
275.1,0,121.4,159.5,9.9,1053.6,777.5,14,38.77,,75680.01,0,14737.96,25440.25,98.01,1110072.96,604506.25,196
275.1,0,121.4,159.5,9.9,1053.6,777.5,28,51.33,,75680.01,0,14737.96,25440.25,98.01,1110072.96,604506.25,784
275.1,0,121.4,159.5,9.9,1053.6,777.5,56,56.85,,75680.01,0,14737.96,25440.25,98.01,1110072.96,604506.25,3136
275.1,0,121.4,159.5,9.9,1053.6,777.5,100,58.61,,75680.01,0,14737.96,25440.25,98.01,1110072.96,604506.25,10000
297.2,0,117.5,174.8,9.5,1022.8,753.5,3,21.91,,88327.84,0,13806.25,30555.04,90.25,1046119.84,567762.25,9
297.2,0,117.5,174.8,9.5,1022.8,753.5,14,36.99,,88327.84,0,13806.25,30555.04,90.25,1046119.84,567762.25,196
297.2,0,117.5,174.8,9.5,1022.8,753.5,28,47.4,,88327.84,0,13806.25,30555.04,90.25,1046119.84,567762.25,784
297.2,0,117.5,174.8,9.5,1022.8,753.5,56,51.96,,88327.84,0,13806.25,30555.04,90.25,1046119.84,567762.25,3136
297.2,0,117.5,174.8,9.5,1022.8,753.5,100,56.74,,88327.84,0,13806.25,30555.04,90.25,1046119.84,567762.25,10000
213.7,0,174.7,154.8,10.2,1053.5,776.4,3,17.57,,45667.69,0,30520.09,23963.04,104.04,1109862.25,602796.96,9
213.7,0,174.7,154.8,10.2,1053.5,776.4,14,33.73,,45667.69,0,30520.09,23963.04,104.04,1109862.25,602796.96,196
213.7,0,174.7,154.8,10.2,1053.5,776.4,28,40.15,,45667.69,0,30520.09,23963.04,104.04,1109862.25,602796.96,784
213.7,0,174.7,154.8,10.2,1053.5,776.4,56,46.64,,45667.69,0,30520.09,23963.04,104.04,1109862.25,602796.96,3136
213.7,0,174.7,154.8,10.2,1053.5,776.4,100,50.08,,45667.69,0,30520.09,23963.04,104.04,1109862.25,602796.96,10000
213.5,0,174.2,154.6,11.7,1052.3,775.5,3,17.37,,45582.25,0,30345.64,23901.16,136.89,1107335.29,601400.25,9
213.5,0,174.2,154.6,11.7,1052.3,775.5,14,33.7,,45582.25,0,30345.64,23901.16,136.89,1107335.29,601400.25,196
213.5,0,174.2,154.6,11.7,1052.3,775.5,28,45.94,,45582.25,0,30345.64,23901.16,136.89,1107335.29,601400.25,784
213.5,0,174.2,154.6,11.7,1052.3,775.5,56,51.43,,45582.25,0,30345.64,23901.16,136.89,1107335.29,601400.25,3136
213.5,0,174.2,154.6,11.7,1052.3,775.5,100,59.3,,45582.25,0,30345.64,23901.16,136.89,1107335.29,601400.25,10000
277.2,97.8,24.5,160.7,11.2,1061.7,782.5,3,30.45,,76839.84,9564.84,600.25,25824.49,125.44,1127206.89,612306.25,9
277.2,97.8,24.5,160.7,11.2,1061.7,782.5,14,47.71,,76839.84,9564.84,600.25,25824.49,125.44,1127206.89,612306.25,196
277.2,97.8,24.5,160.7,11.2,1061.7,782.5,28,63.14,,76839.84,9564.84,600.25,25824.49,125.44,1127206.89,612306.25,784
277.2,97.8,24.5,160.7,11.2,1061.7,782.5,56,66.82,,76839.84,9564.84,600.25,25824.49,125.44,1127206.89,612306.25,3136
277.2,97.8,24.5,160.7,11.2,1061.7,782.5,100,66.95,,76839.84,9564.84,600.25,25824.49,125.44,1127206.89,612306.25,10000
218.2,54.6,123.8,140.8,11.9,1075.7,792.7,3,27.42,,47611.24,2981.16,15326.44,19824.64,141.61,1157130.49,628373.29,9
218.2,54.6,123.8,140.8,11.9,1075.7,792.7,14,35.96,,47611.24,2981.16,15326.44,19824.64,141.61,1157130.49,628373.29,196
218.2,54.6,123.8,140.8,11.9,1075.7,792.7,28,55.51,,47611.24,2981.16,15326.44,19824.64,141.61,1157130.49,628373.29,784
218.2,54.6,123.8,140.8,11.9,1075.7,792.7,56,61.99,,47611.24,2981.16,15326.44,19824.64,141.61,1157130.49,628373.29,3136
218.2,54.6,123.8,140.8,11.9,1075.7,792.7,100,63.53,,47611.24,2981.16,15326.44,19824.64,141.61,1157130.49,628373.29,10000
214.9,53.8,121.9,155.6,9.6,1014.3,780.6,3,18.02,,46182.01,2894.44,14859.61,24211.36,92.16,1028804.49,609336.36,9
214.9,53.8,121.9,155.6,9.6,1014.3,780.6,14,38.6,,46182.01,2894.44,14859.61,24211.36,92.16,1028804.49,609336.36,196
214.9,53.8,121.9,155.6,9.6,1014.3,780.6,28,52.2,,46182.01,2894.44,14859.61,24211.36,92.16,1028804.49,609336.36,784
214.9,53.8,121.9,155.6,9.6,1014.3,780.6,56,53.96,,46182.01,2894.44,14859.61,24211.36,92.16,1028804.49,609336.36,3136
214.9,53.8,121.9,155.6,9.6,1014.3,780.6,100,56.63,,46182.01,2894.44,14859.61,24211.36,92.16,1028804.49,609336.36,10000
218.9,0,124.1,158.5,11.3,1078.7,794.9,3,15.34,,47917.21,0,15400.81,25122.25,127.69,1163593.69,631866.01,9
218.9,0,124.1,158.5,11.3,1078.7,794.9,14,26.05,,47917.21,0,15400.81,25122.25,127.69,1163593.69,631866.01,196
218.9,0,124.1,158.5,11.3,1078.7,794.9,28,30.22,,47917.21,0,15400.81,25122.25,127.69,1163593.69,631866.01,784
218.9,0,124.1,158.5,11.3,1078.7,794.9,56,37.27,,47917.21,0,15400.81,25122.25,127.69,1163593.69,631866.01,3136
218.9,0,124.1,158.5,11.3,1078.7,794.9,100,46.23,,47917.21,0,15400.81,25122.25,127.69,1163593.69,631866.01,10000
376,0,0,214.6,0,1003.5,762.4,3,16.28,,141376,0,0,46053.16,0,1007012.25,581253.76,9
376,0,0,214.6,0,1003.5,762.4,14,25.62,,141376,0,0,46053.16,0,1007012.25,581253.76,196
376,0,0,214.6,0,1003.5,762.4,28,31.97,,141376,0,0,46053.16,0,1007012.25,581253.76,784
376,0,0,214.6,0,1003.5,762.4,56,36.3,,141376,0,0,46053.16,0,1007012.25,581253.76,3136
376,0,0,214.6,0,1003.5,762.4,100,43.06,,141376,0,0,46053.16,0,1007012.25,581253.76,10000
500,0,0,140,4,966,853,28,67.57,,250000,0,0,19600,16,933156,727609,784
475,0,59,142,1.9,1098,641,28,57.23,,225625,0,3481,20164,3.61,1205604,410881,784
315,137,0,145,5.9,1130,745,28,81.75,,99225,18769,0,21025,34.81,1276900,555025,784
505,0,60,195,0,1030,630,28,64.02,,255025,0,3600,38025,0,1060900,396900,784
451,0,0,165,11.3,1030,745,28,78.8,,203401,0,0,27225,127.69,1060900,555025,784
516,0,0,162,8.2,801,802,28,41.37,,266256,0,0,26244,67.24,641601,643204,784
520,0,0,170,5.2,855,855,28,60.28,,270400,0,0,28900,27.04,731025,731025,784
528,0,0,185,6.9,920,720,28,56.83,,278784,0,0,34225,47.61,846400,518400,784
520,0,0,175,5.2,870,805,28,51.02,,270400,0,0,30625,27.04,756900,648025,784
385,0,136,158,20,903,768,28,55.55,,148225,0,18496,24964,400,815409,589824,784
500.1,0,0,200,3,1124.4,613.2,28,44.13,,250100.01,0,0,40000,9,1264275.36,376014.24,784
450.1,50,0,200,3,1124.4,613.2,28,39.38,,202590.01,2500,0,40000,9,1264275.36,376014.24,784
397,17.2,158,167,20.8,967,633,28,55.65,,157609,295.84,24964,27889,432.64,935089,400689,784
333,17.5,163,167,17.9,996,652,28,47.28,,110889,306.25,26569,27889,320.41,992016,425104,784
334,17.6,158,189,15.3,967,633,28,44.33,,111556,309.76,24964,35721,234.09,935089,400689,784
405,0,0,175,0,1120,695,28,52.3,,164025,0,0,30625,0,1254400,483025,784
200,200,0,190,0,1145,660,28,49.25,,40000,40000,0,36100,0,1311025,435600,784
516,0,0,162,8.3,801,802,28,41.37,,266256,0,0,26244,68.89,641601,643204,784
145,116,119,184,5.7,833,880,28,29.16,,21025,13456,14161,33856,32.49,693889,774400,784
160,128,122,182,6.4,824,879,28,39.4,,25600,16384,14884,33124,40.96,678976,772641,784
234,156,0,189,5.9,981,760,28,39.3,,54756,24336,0,35721,34.81,962361,577600,784
250,180,95,159,9.5,860,800,28,67.87,,62500,32400,9025,25281,90.25,739600,640000,784
475,0,0,162,9.5,1044,662,28,58.52,,225625,0,0,26244,90.25,1089936,438244,784
285,190,0,163,7.6,1031,685,28,53.58,,81225,36100,0,26569,57.76,1062961,469225,784
356,119,0,160,9,1061,657,28,59,,126736,14161,0,25600,81,1125721,431649,784
275,180,120,162,10.4,830,765,28,76.24,,75625,32400,14400,26244,108.16,688900,585225,784
500,0,0,151,9,1033,655,28,69.84,,250000,0,0,22801,81,1067089,429025,784
165,0,143.6,163.8,0,1005.6,900.9,3,14.4,,27225,0,20620.96,26830.44,0,1011231.36,811620.81,9
165,128.5,132.1,175.1,8.1,1005.8,746.6,3,19.42,,27225,16512.25,17450.41,30660.01,65.61,1011633.64,557411.56,9
178,129.8,118.6,179.9,3.6,1007.3,746.8,3,20.73,,31684,16848.04,14065.96,32364.01,12.96,1014653.29,557710.24,9
167.4,129.9,128.6,175.5,7.8,1006.3,746.6,3,14.94,,28022.76,16874.01,16537.96,30800.25,60.84,1012639.69,557411.56,9
172.4,13.6,172.4,156.8,4.1,1006.3,856.4,3,21.29,,29721.76,184.96,29721.76,24586.24,16.81,1012639.69,733420.96,9
173.5,50.1,173.5,164.8,6.5,1006.2,793.5,3,23.08,,30102.25,2510.01,30102.25,27159.04,42.25,1012438.44,629642.25,9
167,75.4,167,164,7.9,1007.3,770.1,3,15.52,,27889,5685.16,27889,26896,62.41,1014653.29,593054.01,9
173.8,93.4,159.9,172.3,9.7,1007.2,746.6,3,15.82,,30206.44,8723.56,25568.01,29687.29,94.09,1014451.84,557411.56,9
190.3,0,125.2,166.6,9.9,1079,798.9,3,12.55,,36214.09,0,15675.04,27755.56,98.01,1164241,638241.21,9
250,0,95.7,191.8,5.3,948.9,857.2,3,8.49,,62500,0,9158.49,36787.24,28.09,900411.21,734791.84,9
213.5,0,174.2,159.2,11.7,1043.6,771.9,3,15.61,,45582.25,0,30345.64,25344.64,136.89,1089100.96,595829.61,9
194.7,0,100.5,170.2,7.5,998,901.8,3,12.18,,37908.09,0,10100.25,28968.04,56.25,996004,813243.24,9
251.4,0,118.3,192.9,5.8,1043.6,754.3,3,11.98,,63201.96,0,13994.89,37210.41,33.64,1089100.96,568968.49,9
165,0,143.6,163.8,0,1005.6,900.9,14,16.88,,27225,0,20620.96,26830.44,0,1011231.36,811620.81,196
165,128.5,132.1,175.1,8.1,1005.8,746.6,14,33.09,,27225,16512.25,17450.41,30660.01,65.61,1011633.64,557411.56,196
178,129.8,118.6,179.9,3.6,1007.3,746.8,14,34.24,,31684,16848.04,14065.96,32364.01,12.96,1014653.29,557710.24,196
167.4,129.9,128.6,175.5,7.8,1006.3,746.6,14,31.81,,28022.76,16874.01,16537.96,30800.25,60.84,1012639.69,557411.56,196
172.4,13.6,172.4,156.8,4.1,1006.3,856.4,14,29.75,,29721.76,184.96,29721.76,24586.24,16.81,1012639.69,733420.96,196
173.5,50.1,173.5,164.8,6.5,1006.2,793.5,14,33.01,,30102.25,2510.01,30102.25,27159.04,42.25,1012438.44,629642.25,196
167,75.4,167,164,7.9,1007.3,770.1,14,32.9,,27889,5685.16,27889,26896,62.41,1014653.29,593054.01,196
173.8,93.4,159.9,172.3,9.7,1007.2,746.6,14,29.55,,30206.44,8723.56,25568.01,29687.29,94.09,1014451.84,557411.56,196
190.3,0,125.2,166.6,9.9,1079,798.9,14,19.42,,36214.09,0,15675.04,27755.56,98.01,1164241,638241.21,196
250,0,95.7,191.8,5.3,948.9,857.2,14,24.66,,62500,0,9158.49,36787.24,28.09,900411.21,734791.84,196
213.5,0,174.2,159.2,11.7,1043.6,771.9,14,29.59,,45582.25,0,30345.64,25344.64,136.89,1089100.96,595829.61,196
194.7,0,100.5,170.2,7.5,998,901.8,14,24.28,,37908.09,0,10100.25,28968.04,56.25,996004,813243.24,196
251.4,0,118.3,192.9,5.8,1043.6,754.3,14,20.73,,63201.96,0,13994.89,37210.41,33.64,1089100.96,568968.49,196
165,0,143.6,163.8,0,1005.6,900.9,28,26.2,,27225,0,20620.96,26830.44,0,1011231.36,811620.81,784
165,128.5,132.1,175.1,8.1,1005.8,746.6,28,46.39,,27225,16512.25,17450.41,30660.01,65.61,1011633.64,557411.56,784
178,129.8,118.6,179.9,3.6,1007.3,746.8,28,39.16,,31684,16848.04,14065.96,32364.01,12.96,1014653.29,557710.24,784
167.4,129.9,128.6,175.5,7.8,1006.3,746.6,28,41.2,,28022.76,16874.01,16537.96,30800.25,60.84,1012639.69,557411.56,784
172.4,13.6,172.4,156.8,4.1,1006.3,856.4,28,33.69,,29721.76,184.96,29721.76,24586.24,16.81,1012639.69,733420.96,784
173.5,50.1,173.5,164.8,6.5,1006.2,793.5,28,38.2,,30102.25,2510.01,30102.25,27159.04,42.25,1012438.44,629642.25,784
167,75.4,167,164,7.9,1007.3,770.1,28,41.41,,27889,5685.16,27889,26896,62.41,1014653.29,593054.01,784
173.8,93.4,159.9,172.3,9.7,1007.2,746.6,28,37.81,,30206.44,8723.56,25568.01,29687.29,94.09,1014451.84,557411.56,784
190.3,0,125.2,166.6,9.9,1079,798.9,28,24.85,,36214.09,0,15675.04,27755.56,98.01,1164241,638241.21,784
250,0,95.7,191.8,5.3,948.9,857.2,28,27.22,,62500,0,9158.49,36787.24,28.09,900411.21,734791.84,784
213.5,0,174.2,159.2,11.7,1043.6,771.9,28,44.64,,45582.25,0,30345.64,25344.64,136.89,1089100.96,595829.61,784
194.7,0,100.5,170.2,7.5,998,901.8,28,37.27,,37908.09,0,10100.25,28968.04,56.25,996004,813243.24,784
251.4,0,118.3,192.9,5.8,1043.6,754.3,28,33.27,,63201.96,0,13994.89,37210.41,33.64,1089100.96,568968.49,784
165,0,143.6,163.8,0,1005.6,900.9,56,36.56,,27225,0,20620.96,26830.44,0,1011231.36,811620.81,3136
165,128.5,132.1,175.1,8.1,1005.8,746.6,56,53.72,,27225,16512.25,17450.41,30660.01,65.61,1011633.64,557411.56,3136
178,129.8,118.6,179.9,3.6,1007.3,746.8,56,48.59,,31684,16848.04,14065.96,32364.01,12.96,1014653.29,557710.24,3136
167.4,129.9,128.6,175.5,7.8,1006.3,746.6,56,51.72,,28022.76,16874.01,16537.96,30800.25,60.84,1012639.69,557411.56,3136
172.4,13.6,172.4,156.8,4.1,1006.3,856.4,56,35.85,,29721.76,184.96,29721.76,24586.24,16.81,1012639.69,733420.96,3136
173.5,50.1,173.5,164.8,6.5,1006.2,793.5,56,53.77,,30102.25,2510.01,30102.25,27159.04,42.25,1012438.44,629642.25,3136
167,75.4,167,164,7.9,1007.3,770.1,56,53.46,,27889,5685.16,27889,26896,62.41,1014653.29,593054.01,3136
173.8,93.4,159.9,172.3,9.7,1007.2,746.6,56,48.99,,30206.44,8723.56,25568.01,29687.29,94.09,1014451.84,557411.56,3136
190.3,0,125.2,166.6,9.9,1079,798.9,56,31.72,,36214.09,0,15675.04,27755.56,98.01,1164241,638241.21,3136
250,0,95.7,191.8,5.3,948.9,857.2,56,39.64,,62500,0,9158.49,36787.24,28.09,900411.21,734791.84,3136
213.5,0,174.2,159.2,11.7,1043.6,771.9,56,51.26,,45582.25,0,30345.64,25344.64,136.89,1089100.96,595829.61,3136
194.7,0,100.5,170.2,7.5,998,901.8,56,43.39,,37908.09,0,10100.25,28968.04,56.25,996004,813243.24,3136
251.4,0,118.3,192.9,5.8,1043.6,754.3,56,39.27,,63201.96,0,13994.89,37210.41,33.64,1089100.96,568968.49,3136
165,0,143.6,163.8,0,1005.6,900.9,100,37.96,,27225,0,20620.96,26830.44,0,1011231.36,811620.81,10000
165,128.5,132.1,175.1,8.1,1005.8,746.6,100,55.02,,27225,16512.25,17450.41,30660.01,65.61,1011633.64,557411.56,10000
178,129.8,118.6,179.9,3.6,1007.3,746.8,100,49.99,,31684,16848.04,14065.96,32364.01,12.96,1014653.29,557710.24,10000
167.4,129.9,128.6,175.5,7.8,1006.3,746.6,100,53.66,,28022.76,16874.01,16537.96,30800.25,60.84,1012639.69,557411.56,10000
172.4,13.6,172.4,156.8,4.1,1006.3,856.4,100,37.68,,29721.76,184.96,29721.76,24586.24,16.81,1012639.69,733420.96,10000
173.5,50.1,173.5,164.8,6.5,1006.2,793.5,100,56.06,,30102.25,2510.01,30102.25,27159.04,42.25,1012438.44,629642.25,10000
167,75.4,167,164,7.9,1007.3,770.1,100,56.81,,27889,5685.16,27889,26896,62.41,1014653.29,593054.01,10000
173.8,93.4,159.9,172.3,9.7,1007.2,746.6,100,50.94,,30206.44,8723.56,25568.01,29687.29,94.09,1014451.84,557411.56,10000
190.3,0,125.2,166.6,9.9,1079,798.9,100,33.56,,36214.09,0,15675.04,27755.56,98.01,1164241,638241.21,10000
250,0,95.7,191.8,5.3,948.9,857.2,100,41.16,,62500,0,9158.49,36787.24,28.09,900411.21,734791.84,10000
213.5,0,174.2,159.2,11.7,1043.6,771.9,100,52.96,,45582.25,0,30345.64,25344.64,136.89,1089100.96,595829.61,10000
194.7,0,100.5,170.2,7.5,998,901.8,100,44.28,,37908.09,0,10100.25,28968.04,56.25,996004,813243.24,10000
251.4,0,118.3,192.9,5.8,1043.6,754.3,100,40.15,,63201.96,0,13994.89,37210.41,33.64,1089100.96,568968.49,10000
446,24,79,162,11.6,967,712,28,57.03,,198916,576,6241,26244,134.56,935089,506944,784
446,24,79,162,11.6,967,712,28,44.42,,198916,576,6241,26244,134.56,935089,506944,784
446,24,79,162,11.6,967,712,28,51.02,,198916,576,6241,26244,134.56,935089,506944,784
446,24,79,162,10.3,967,712,28,53.39,,198916,576,6241,26244,106.09,935089,506944,784
446,24,79,162,11.6,967,712,3,35.36,,198916,576,6241,26244,134.56,935089,506944,9
446,24,79,162,11.6,967,712,3,25.02,,198916,576,6241,26244,134.56,935089,506944,9
446,24,79,162,11.6,967,712,3,23.35,,198916,576,6241,26244,134.56,935089,506944,9
446,24,79,162,11.6,967,712,7,52.01,,198916,576,6241,26244,134.56,935089,506944,49
446,24,79,162,11.6,967,712,7,38.02,,198916,576,6241,26244,134.56,935089,506944,49
446,24,79,162,11.6,967,712,7,39.3,,198916,576,6241,26244,134.56,935089,506944,49
446,24,79,162,11.6,967,712,56,61.07,,198916,576,6241,26244,134.56,935089,506944,3136
446,24,79,162,11.6,967,712,56,56.14,,198916,576,6241,26244,134.56,935089,506944,3136
446,24,79,162,11.6,967,712,56,55.25,,198916,576,6241,26244,134.56,935089,506944,3136
446,24,79,162,10.3,967,712,56,54.77,,198916,576,6241,26244,106.09,935089,506944,3136
387,20,94,157,14.3,938,845,28,50.24,,149769,400,8836,24649,204.49,879844,714025,784
387,20,94,157,13.9,938,845,28,46.68,,149769,400,8836,24649,193.21,879844,714025,784
387,20,94,157,11.6,938,845,28,46.68,,149769,400,8836,24649,134.56,879844,714025,784
387,20,94,157,14.3,938,845,3,22.75,,149769,400,8836,24649,204.49,879844,714025,9
387,20,94,157,13.9,938,845,3,25.51,,149769,400,8836,24649,193.21,879844,714025,9
387,20,94,157,11.6,938,845,3,34.77,,149769,400,8836,24649,134.56,879844,714025,9
387,20,94,157,14.3,938,845,7,36.84,,149769,400,8836,24649,204.49,879844,714025,49
387,20,94,157,13.9,938,845,7,45.9,,149769,400,8836,24649,193.21,879844,714025,49
387,20,94,157,11.6,938,845,7,41.67,,149769,400,8836,24649,134.56,879844,714025,49
387,20,94,157,14.3,938,845,56,56.34,,149769,400,8836,24649,204.49,879844,714025,3136
387,20,94,157,13.9,938,845,56,47.97,,149769,400,8836,24649,193.21,879844,714025,3136
387,20,94,157,11.6,938,845,56,61.46,,149769,400,8836,24649,134.56,879844,714025,3136
355,19,97,145,13.1,967,871,28,44.03,,126025,361,9409,21025,171.61,935089,758641,784
355,19,97,145,12.3,967,871,28,55.45,,126025,361,9409,21025,151.29,935089,758641,784
491,26,123,210,3.9,882,699,28,55.55,,241081,676,15129,44100,15.21,777924,488601,784
491,26,123,201,3.9,822,699,28,57.92,,241081,676,15129,40401,15.21,675684,488601,784
491,26,123,210,3.9,882,699,3,25.61,,241081,676,15129,44100,15.21,777924,488601,9
491,26,123,210,3.9,882,699,7,33.49,,241081,676,15129,44100,15.21,777924,488601,49
491,26,123,210,3.9,882,699,56,59.59,,241081,676,15129,44100,15.21,777924,488601,3136
491,26,123,201,3.9,822,699,3,29.55,,241081,676,15129,40401,15.21,675684,488601,9
491,26,123,201,3.9,822,699,7,37.92,,241081,676,15129,40401,15.21,675684,488601,49
491,26,123,201,3.9,822,699,56,61.86,,241081,676,15129,40401,15.21,675684,488601,3136
424,22,132,178,8.5,822,750,28,62.05,,179776,484,17424,31684,72.25,675684,562500,784
424,22,132,178,8.5,882,750,3,32.01,,179776,484,17424,31684,72.25,777924,562500,9
424,22,132,168,8.9,822,750,28,72.1,,179776,484,17424,28224,79.21,675684,562500,784
424,22,132,178,8.5,822,750,7,39,,179776,484,17424,31684,72.25,675684,562500,49
424,22,132,178,8.5,822,750,56,65.7,,179776,484,17424,31684,72.25,675684,562500,3136
424,22,132,168,8.9,822,750,3,32.11,,179776,484,17424,28224,79.21,675684,562500,9
424,22,132,168,8.9,822,750,7,40.29,,179776,484,17424,28224,79.21,675684,562500,49
424,22,132,168,8.9,822,750,56,74.36,,179776,484,17424,28224,79.21,675684,562500,3136
202,11,141,206,1.7,942,801,28,21.97,,40804,121,19881,42436,2.89,887364,641601,784
202,11,141,206,1.7,942,801,3,9.85,,40804,121,19881,42436,2.89,887364,641601,9
202,11,141,206,1.7,942,801,7,15.07,,40804,121,19881,42436,2.89,887364,641601,49
202,11,141,206,1.7,942,801,56,23.25,,40804,121,19881,42436,2.89,887364,641601,3136
284,15,141,179,5.5,842,801,28,43.73,,80656,225,19881,32041,30.25,708964,641601,784
284,15,141,179,5.5,842,801,3,13.4,,80656,225,19881,32041,30.25,708964,641601,9
284,15,141,179,5.5,842,801,7,24.13,,80656,225,19881,32041,30.25,708964,641601,49
284,15,141,179,5.5,842,801,56,44.52,,80656,225,19881,32041,30.25,708964,641601,3136
359,19,141,154,10.9,942,801,28,62.94,,128881,361,19881,23716,118.81,887364,641601,784
359,19,141,154,10.9,942,801,28,59.49,,128881,361,19881,23716,118.81,887364,641601,784
359,19,141,154,10.9,942,801,3,25.12,,128881,361,19881,23716,118.81,887364,641601,9
359,19,141,154,10.9,942,801,3,23.64,,128881,361,19881,23716,118.81,887364,641601,9
359,19,141,154,10.9,942,801,7,35.75,,128881,361,19881,23716,118.81,887364,641601,49
359,19,141,154,10.9,942,801,7,38.61,,128881,361,19881,23716,118.81,887364,641601,49
359,19,141,154,10.9,942,801,56,68.75,,128881,361,19881,23716,118.81,887364,641601,3136
359,19,141,154,10.9,942,801,56,66.78,,128881,361,19881,23716,118.81,887364,641601,3136
436,0,0,218,0,838.4,719.7,28,23.85,,190096,0,0,47524,0,702914.56,517968.09,784
289,0,0,192,0,913.2,895.3,90,32.07,,83521,0,0,36864,0,833934.24,801562.09,8100
289,0,0,192,0,913.2,895.3,3,11.65,,83521,0,0,36864,0,833934.24,801562.09,9
393,0,0,192,0,940.6,785.6,3,19.2,,154449,0,0,36864,0,884728.36,617167.36,9
393,0,0,192,0,940.6,785.6,90,48.85,,154449,0,0,36864,0,884728.36,617167.36,8100
393,0,0,192,0,940.6,785.6,28,39.6,,154449,0,0,36864,0,884728.36,617167.36,784
480,0,0,192,0,936.2,712.2,28,43.94,,230400,0,0,36864,0,876470.44,507228.84,784
480,0,0,192,0,936.2,712.2,7,34.57,,230400,0,0,36864,0,876470.44,507228.84,49
480,0,0,192,0,936.2,712.2,90,54.32,,230400,0,0,36864,0,876470.44,507228.84,8100
480,0,0,192,0,936.2,712.2,3,24.4,,230400,0,0,36864,0,876470.44,507228.84,9
333,0,0,192,0,931.2,842.6,3,15.62,,110889,0,0,36864,0,867133.44,709974.76,9
255,0,0,192,0,889.8,945,90,21.86,,65025,0,0,36864,0,791744.04,893025,8100
255,0,0,192,0,889.8,945,7,10.22,,65025,0,0,36864,0,791744.04,893025,49
289,0,0,192,0,913.2,895.3,7,14.6,,83521,0,0,36864,0,833934.24,801562.09,49
255,0,0,192,0,889.8,945,28,18.75,,65025,0,0,36864,0,791744.04,893025,784
333,0,0,192,0,931.2,842.6,28,31.97,,110889,0,0,36864,0,867133.44,709974.76,784
333,0,0,192,0,931.2,842.6,7,23.4,,110889,0,0,36864,0,867133.44,709974.76,49
289,0,0,192,0,913.2,895.3,28,25.57,,83521,0,0,36864,0,833934.24,801562.09,784
333,0,0,192,0,931.2,842.6,90,41.68,,110889,0,0,36864,0,867133.44,709974.76,8100
393,0,0,192,0,940.6,785.6,7,27.74,,154449,0,0,36864,0,884728.36,617167.36,49
255,0,0,192,0,889.8,945,3,8.2,,65025,0,0,36864,0,791744.04,893025,9
158.8,238.2,0,185.7,0,1040.6,734.3,7,9.62,,25217.44,56739.24,0,34484.49,0,1082848.36,539196.49,49
239.6,359.4,0,185.7,0,941.6,664.3,7,25.42,,57408.16,129168.36,0,34484.49,0,886610.56,441294.49,49
238.2,158.8,0,185.7,0,1040.6,734.3,7,15.69,,56739.24,25217.44,0,34484.49,0,1082848.36,539196.49,49
181.9,272.8,0,185.7,0,1012.4,714.3,28,27.94,,33087.61,74419.84,0,34484.49,0,1024953.76,510224.49,784
193.5,290.2,0,185.7,0,998.2,704.3,28,32.63,,37442.25,84216.04,0,34484.49,0,996403.24,496038.49,784
255.5,170.3,0,185.7,0,1026.6,724.3,7,17.24,,65280.25,29002.09,0,34484.49,0,1053907.56,524610.49,49
272.8,181.9,0,185.7,0,1012.4,714.3,7,19.77,,74419.84,33087.61,0,34484.49,0,1024953.76,510224.49,49
239.6,359.4,0,185.7,0,941.6,664.3,28,39.44,,57408.16,129168.36,0,34484.49,0,886610.56,441294.49,784
220.8,147.2,0,185.7,0,1055,744.3,28,25.75,,48752.64,21667.84,0,34484.49,0,1113025,553982.49,784
397,0,0,185.7,0,1040.6,734.3,28,33.08,,157609,0,0,34484.49,0,1082848.36,539196.49,784
382.5,0,0,185.7,0,1047.8,739.3,7,24.07,,146306.25,0,0,34484.49,0,1097884.84,546564.49,49
210.7,316.1,0,185.7,0,977,689.3,7,21.82,,44394.49,99919.21,0,34484.49,0,954529,475134.49,49
158.8,238.2,0,185.7,0,1040.6,734.3,28,21.07,,25217.44,56739.24,0,34484.49,0,1082848.36,539196.49,784
295.8,0,0,185.7,0,1091.4,769.3,7,14.84,,87497.64,0,0,34484.49,0,1191153.96,591822.49,49
255.5,170.3,0,185.7,0,1026.6,724.3,28,32.05,,65280.25,29002.09,0,34484.49,0,1053907.56,524610.49,784
203.5,135.7,0,185.7,0,1076.2,759.3,7,11.96,,41412.25,18414.49,0,34484.49,0,1158206.44,576536.49,49
397,0,0,185.7,0,1040.6,734.3,7,25.45,,157609,0,0,34484.49,0,1082848.36,539196.49,49
381.4,0,0,185.7,0,1104.6,784.3,28,22.49,,145465.96,0,0,34484.49,0,1220141.16,615126.49,784
295.8,0,0,185.7,0,1091.4,769.3,28,25.22,,87497.64,0,0,34484.49,0,1191153.96,591822.49,784
228,342.1,0,185.7,0,955.8,674.3,28,39.7,,51984,117032.41,0,34484.49,0,913553.64,454680.49,784
220.8,147.2,0,185.7,0,1055,744.3,7,13.09,,48752.64,21667.84,0,34484.49,0,1113025,553982.49,49
316.1,210.7,0,185.7,0,977,689.3,28,38.7,,99919.21,44394.49,0,34484.49,0,954529,475134.49,784
135.7,203.5,0,185.7,0,1076.2,759.3,7,7.51,,18414.49,41412.25,0,34484.49,0,1158206.44,576536.49,49
238.1,0,0,185.7,0,1118.8,789.3,28,17.58,,56691.61,0,0,34484.49,0,1251713.44,622994.49,784
339.2,0,0,185.7,0,1069.2,754.3,7,21.18,,115056.64,0,0,34484.49,0,1143188.64,568968.49,49
135.7,203.5,0,185.7,0,1076.2,759.3,28,18.2,,18414.49,41412.25,0,34484.49,0,1158206.44,576536.49,784
193.5,290.2,0,185.7,0,998.2,704.3,7,17.2,,37442.25,84216.04,0,34484.49,0,996403.24,496038.49,49
203.5,135.7,0,185.7,0,1076.2,759.3,28,22.63,,41412.25,18414.49,0,34484.49,0,1158206.44,576536.49,784
290.2,193.5,0,185.7,0,998.2,704.3,7,21.86,,84216.04,37442.25,0,34484.49,0,996403.24,496038.49,49
181.9,272.8,0,185.7,0,1012.4,714.3,7,12.37,,33087.61,74419.84,0,34484.49,0,1024953.76,510224.49,49
170.3,155.5,0,185.7,0,1026.6,724.3,28,25.73,,29002.09,24180.25,0,34484.49,0,1053907.56,524610.49,784
210.7,316.1,0,185.7,0,977,689.3,28,37.81,,44394.49,99919.21,0,34484.49,0,954529,475134.49,784
228,342.1,0,185.7,0,955.8,674.3,7,21.92,,51984,117032.41,0,34484.49,0,913553.64,454680.49,49
290.2,193.5,0,185.7,0,998.2,704.3,28,33.04,,84216.04,37442.25,0,34484.49,0,996403.24,496038.49,784
381.4,0,0,185.7,0,1104.6,784.3,7,14.54,,145465.96,0,0,34484.49,0,1220141.16,615126.49,49
238.2,158.8,0,185.7,0,1040.6,734.3,28,26.91,,56739.24,25217.44,0,34484.49,0,1082848.36,539196.49,784
186.2,124.1,0,185.7,0,1083.4,764.3,7,8,,34670.44,15400.81,0,34484.49,0,1173755.56,584154.49,49
339.2,0,0,185.7,0,1069.2,754.3,28,31.9,,115056.64,0,0,34484.49,0,1143188.64,568968.49,784
238.1,0,0,185.7,0,1118.8,789.3,7,10.34,,56691.61,0,0,34484.49,0,1251713.44,622994.49,49
252.5,0,0,185.7,0,1111.6,784.3,28,19.77,,63756.25,0,0,34484.49,0,1235654.56,615126.49,784
382.5,0,0,185.7,0,1047.8,739.3,28,37.44,,146306.25,0,0,34484.49,0,1097884.84,546564.49,784
252.5,0,0,185.7,0,1111.6,784.3,7,11.48,,63756.25,0,0,34484.49,0,1235654.56,615126.49,49
316.1,210.7,0,185.7,0,977,689.3,7,24.44,,99919.21,44394.49,0,34484.49,0,954529,475134.49,49
186.2,124.1,0,185.7,0,1083.4,764.3,28,17.6,,34670.44,15400.81,0,34484.49,0,1173755.56,584154.49,784
170.3,155.5,0,185.7,0,1026.6,724.3,7,10.73,,29002.09,24180.25,0,34484.49,0,1053907.56,524610.49,49
272.8,181.9,0,185.7,0,1012.4,714.3,28,31.38,,74419.84,33087.61,0,34484.49,0,1024953.76,510224.49,784
339,0,0,197,0,968,781,3,13.22,,114921,0,0,38809,0,937024,609961,9
339,0,0,197,0,968,781,7,20.97,,114921,0,0,38809,0,937024,609961,49
339,0,0,197,0,968,781,14,27.04,,114921,0,0,38809,0,937024,609961,196
339,0,0,197,0,968,781,28,32.04,,114921,0,0,38809,0,937024,609961,784
339,0,0,197,0,968,781,90,35.17,,114921,0,0,38809,0,937024,609961,8100
339,0,0,197,0,968,781,180,36.45,,114921,0,0,38809,0,937024,609961,32400
339,0,0,197,0,968,781,365,38.89,,114921,0,0,38809,0,937024,609961,133225
236,0,0,194,0,968,885,3,6.47,,55696,0,0,37636,0,937024,783225,9
236,0,0,194,0,968,885,14,12.84,,55696,0,0,37636,0,937024,783225,196
236,0,0,194,0,968,885,28,18.42,,55696,0,0,37636,0,937024,783225,784
236,0,0,194,0,968,885,90,21.95,,55696,0,0,37636,0,937024,783225,8100
236,0,0,193,0,968,885,180,24.1,,55696,0,0,37249,0,937024,783225,32400
236,0,0,193,0,968,885,365,25.08,,55696,0,0,37249,0,937024,783225,133225
277,0,0,191,0,968,856,14,21.26,,76729,0,0,36481,0,937024,732736,196
277,0,0,191,0,968,856,28,25.97,,76729,0,0,36481,0,937024,732736,784
277,0,0,191,0,968,856,3,11.36,,76729,0,0,36481,0,937024,732736,9
277,0,0,191,0,968,856,90,31.25,,76729,0,0,36481,0,937024,732736,8100
277,0,0,191,0,968,856,180,32.33,,76729,0,0,36481,0,937024,732736,32400
277,0,0,191,0,968,856,360,33.7,,76729,0,0,36481,0,937024,732736,129600
254,0,0,198,0,968,863,3,9.31,,64516,0,0,39204,0,937024,744769,9
254,0,0,198,0,968,863,90,26.94,,64516,0,0,39204,0,937024,744769,8100
254,0,0,198,0,968,863,180,27.63,,64516,0,0,39204,0,937024,744769,32400
254,0,0,198,0,968,863,365,29.79,,64516,0,0,39204,0,937024,744769,133225
307,0,0,193,0,968,812,180,34.49,,94249,0,0,37249,0,937024,659344,32400
307,0,0,193,0,968,812,365,36.15,,94249,0,0,37249,0,937024,659344,133225
307,0,0,193,0,968,812,3,12.54,,94249,0,0,37249,0,937024,659344,9
307,0,0,193,0,968,812,28,27.53,,94249,0,0,37249,0,937024,659344,784
307,0,0,193,0,968,812,90,32.92,,94249,0,0,37249,0,937024,659344,8100
236,0,0,193,0,968,885,7,9.99,,55696,0,0,37249,0,937024,783225,49
200,0,0,180,0,1125,845,7,7.84,,40000,0,0,32400,0,1265625,714025,49
200,0,0,180,0,1125,845,28,12.25,,40000,0,0,32400,0,1265625,714025,784
225,0,0,181,0,1113,833,7,11.17,,50625,0,0,32761,0,1238769,693889,49
225,0,0,181,0,1113,833,28,17.34,,50625,0,0,32761,0,1238769,693889,784
325,0,0,184,0,1063,783,7,17.54,,105625,0,0,33856,0,1129969,613089,49
325,0,0,184,0,1063,783,28,30.57,,105625,0,0,33856,0,1129969,613089,784
275,0,0,183,0,1088,808,7,14.2,,75625,0,0,33489,0,1183744,652864,49
275,0,0,183,0,1088,808,28,24.5,,75625,0,0,33489,0,1183744,652864,784
300,0,0,184,0,1075,795,7,15.58,,90000,0,0,33856,0,1155625,632025,49
300,0,0,184,0,1075,795,28,26.85,,90000,0,0,33856,0,1155625,632025,784
375,0,0,186,0,1038,758,7,26.06,,140625,0,0,34596,0,1077444,574564,49
375,0,0,186,0,1038,758,28,38.21,,140625,0,0,34596,0,1077444,574564,784
400,0,0,187,0,1025,745,28,43.7,,160000,0,0,34969,0,1050625,555025,784
400,0,0,187,0,1025,745,7,30.14,,160000,0,0,34969,0,1050625,555025,49
250,0,0,182,0,1100,820,7,12.73,,62500,0,0,33124,0,1210000,672400,49
250,0,0,182,0,1100,820,28,20.87,,62500,0,0,33124,0,1210000,672400,784
350,0,0,186,0,1050,770,7,20.28,,122500,0,0,34596,0,1102500,592900,49
350,0,0,186,0,1050,770,28,34.29,,122500,0,0,34596,0,1102500,592900,784
203.5,305.3,0,203.5,0,963.4,630,7,19.54,,41412.25,93208.09,0,41412.25,0,928139.56,396900,49
250.2,166.8,0,203.5,0,977.6,694.1,90,47.71,,62600.04,27822.24,0,41412.25,0,955701.76,481774.81,8100
157,236,0,192,0,935.4,781.2,90,43.38,,24649,55696,0,36864,0,874973.16,610273.44,8100
141.3,212,0,203.5,0,971.8,748.5,28,29.89,,19965.69,44944,0,41412.25,0,944395.24,560252.25,784
166.8,250.2,0,203.5,0,975.6,692.6,3,6.9,,27822.24,62600.04,0,41412.25,0,951795.36,479694.76,9
122.6,183.9,0,203.5,0,958.2,800.1,90,33.19,,15030.76,33819.21,0,41412.25,0,918147.24,640160.01,8100
183.9,122.6,0,203.5,0,959.2,800,3,4.9,,33819.21,15030.76,0,41412.25,0,920064.64,640000,9
102,153,0,192,0,887,942,3,4.57,,10404,23409,0,36864,0,786769,887364,9
102,153,0,192,0,887,942,90,25.46,,10404,23409,0,36864,0,786769,887364,8100
122.6,183.9,0,203.5,0,958.2,800.1,28,24.29,,15030.76,33819.21,0,41412.25,0,918147.24,640160.01,784
166.8,250.2,0,203.5,0,975.6,692.6,28,33.95,,27822.24,62600.04,0,41412.25,0,951795.36,479694.76,784
200,133,0,192,0,965.4,806.2,3,11.41,,40000,17689,0,36864,0,931997.16,649958.44,9
108.3,162.4,0,203.5,0,938.2,849,28,20.59,,11728.89,26373.76,0,41412.25,0,880219.24,720801,784
305.3,203.5,0,203.5,0,965.4,631,7,25.89,,93208.09,41412.25,0,41412.25,0,931997.16,398161,49
108.3,162.4,0,203.5,0,938.2,849,90,29.23,,11728.89,26373.76,0,41412.25,0,880219.24,720801,8100
116,173,0,192,0,909.8,891.9,90,31.02,,13456,29929,0,36864,0,827736.04,795485.61,8100
141.3,212,0,203.5,0,971.8,748.5,7,10.39,,19965.69,44944,0,41412.25,0,944395.24,560252.25,49
157,236,0,192,0,935.4,781.2,28,33.66,,24649,55696,0,36864,0,874973.16,610273.44,784
133,200,0,192,0,927.4,839.2,28,27.87,,17689,40000,0,36864,0,860070.76,704256.64,784
250.2,166.8,0,203.5,0,977.6,694.1,7,19.35,,62600.04,27822.24,0,41412.25,0,955701.76,481774.81,49
173,116,0,192,0,946.8,856.8,7,11.39,,29929,13456,0,36864,0,896430.24,734106.24,49
192,288,0,192,0,929.8,716.1,3,12.79,,36864,82944,0,36864,0,864528.04,512799.21,9
192,288,0,192,0,929.8,716.1,28,39.32,,36864,82944,0,36864,0,864528.04,512799.21,784
153,102,0,192,0,888,943.1,3,4.78,,23409,10404,0,36864,0,788544,889437.61,9
288,192,0,192,0,932,717.8,3,16.11,,82944,36864,0,36864,0,868624,515236.84,9
305.3,203.5,0,203.5,0,965.4,631,28,43.38,,93208.09,41412.25,0,41412.25,0,931997.16,398161,784
236,157,0,192,0,972.6,749.1,7,20.42,,55696,24649,0,36864,0,945950.76,561150.81,49
173,116,0,192,0,946.8,856.8,3,6.94,,29929,13456,0,36864,0,896430.24,734106.24,9
212,141.3,0,203.5,0,973.4,750,7,15.03,,44944,19965.69,0,41412.25,0,947507.56,562500,49
236,157,0,192,0,972.6,749.1,3,13.57,,55696,24649,0,36864,0,945950.76,561150.81,9
183.9,122.6,0,203.5,0,959.2,800,90,32.53,,33819.21,15030.76,0,41412.25,0,920064.64,640000,8100
166.8,250.2,0,203.5,0,975.6,692.6,7,15.75,,27822.24,62600.04,0,41412.25,0,951795.36,479694.76,49
102,153,0,192,0,887,942,7,7.68,,10404,23409,0,36864,0,786769,887364,49
288,192,0,192,0,932,717.8,28,38.8,,82944,36864,0,36864,0,868624,515236.84,784
212,141.3,0,203.5,0,973.4,750,28,33,,44944,19965.69,0,41412.25,0,947507.56,562500,784
102,153,0,192,0,887,942,28,17.28,,10404,23409,0,36864,0,786769,887364,784
173,116,0,192,0,946.8,856.8,28,24.28,,29929,13456,0,36864,0,896430.24,734106.24,784
183.9,122.6,0,203.5,0,959.2,800,28,24.05,,33819.21,15030.76,0,41412.25,0,920064.64,640000,784
133,200,0,192,0,927.4,839.2,90,36.59,,17689,40000,0,36864,0,860070.76,704256.64,8100
192,288,0,192,0,929.8,716.1,90,50.73,,36864,82944,0,36864,0,864528.04,512799.21,8100
133,200,0,192,0,927.4,839.2,7,13.66,,17689,40000,0,36864,0,860070.76,704256.64,49
305.3,203.5,0,203.5,0,965.4,631,3,14.14,,93208.09,41412.25,0,41412.25,0,931997.16,398161,9
236,157,0,192,0,972.6,749.1,90,47.78,,55696,24649,0,36864,0,945950.76,561150.81,8100
108.3,162.4,0,203.5,0,938.2,849,3,2.33,,11728.89,26373.76,0,41412.25,0,880219.24,720801,9
157,236,0,192,0,935.4,781.2,7,16.89,,24649,55696,0,36864,0,874973.16,610273.44,49
288,192,0,192,0,932,717.8,7,23.52,,82944,36864,0,36864,0,868624,515236.84,49
212,141.3,0,203.5,0,973.4,750,3,6.81,,44944,19965.69,0,41412.25,0,947507.56,562500,9
212,141.3,0,203.5,0,973.4,750,90,39.7,,44944,19965.69,0,41412.25,0,947507.56,562500,8100
153,102,0,192,0,888,943.1,28,17.96,,23409,10404,0,36864,0,788544,889437.61,784
236,157,0,192,0,972.6,749.1,28,32.88,,55696,24649,0,36864,0,945950.76,561150.81,784
116,173,0,192,0,909.8,891.9,28,22.35,,13456,29929,0,36864,0,827736.04,795485.61,784
183.9,122.6,0,203.5,0,959.2,800,7,10.79,,33819.21,15030.76,0,41412.25,0,920064.64,640000,49
108.3,162.4,0,203.5,0,938.2,849,7,7.72,,11728.89,26373.76,0,41412.25,0,880219.24,720801,49
203.5,305.3,0,203.5,0,963.4,630,28,41.68,,41412.25,93208.09,0,41412.25,0,928139.56,396900,784
203.5,305.3,0,203.5,0,963.4,630,3,9.56,,41412.25,93208.09,0,41412.25,0,928139.56,396900,9
133,200,0,192,0,927.4,839.2,3,6.88,,17689,40000,0,36864,0,860070.76,704256.64,9
288,192,0,192,0,932,717.8,90,50.53,,82944,36864,0,36864,0,868624,515236.84,8100
200,133,0,192,0,965.4,806.2,7,17.17,,40000,17689,0,36864,0,931997.16,649958.44,49
200,133,0,192,0,965.4,806.2,28,30.44,,40000,17689,0,36864,0,931997.16,649958.44,784
250.2,166.8,0,203.5,0,977.6,694.1,3,9.73,,62600.04,27822.24,0,41412.25,0,955701.76,481774.81,9
122.6,183.9,0,203.5,0,958.2,800.1,3,3.32,,15030.76,33819.21,0,41412.25,0,918147.24,640160.01,9
153,102,0,192,0,888,943.1,90,26.32,,23409,10404,0,36864,0,788544,889437.61,8100
200,133,0,192,0,965.4,806.2,90,43.25,,40000,17689,0,36864,0,931997.16,649958.44,8100
116,173,0,192,0,909.8,891.9,3,6.28,,13456,29929,0,36864,0,827736.04,795485.61,9
173,116,0,192,0,946.8,856.8,90,32.1,,29929,13456,0,36864,0,896430.24,734106.24,8100
250.2,166.8,0,203.5,0,977.6,694.1,28,36.96,,62600.04,27822.24,0,41412.25,0,955701.76,481774.81,784
305.3,203.5,0,203.5,0,965.4,631,90,54.6,,93208.09,41412.25,0,41412.25,0,931997.16,398161,8100
192,288,0,192,0,929.8,716.1,7,21.48,,36864,82944,0,36864,0,864528.04,512799.21,49
157,236,0,192,0,935.4,781.2,3,9.69,,24649,55696,0,36864,0,874973.16,610273.44,9
153,102,0,192,0,888,943.1,7,8.37,,23409,10404,0,36864,0,788544,889437.61,49
141.3,212,0,203.5,0,971.8,748.5,90,39.66,,19965.69,44944,0,41412.25,0,944395.24,560252.25,8100
116,173,0,192,0,909.8,891.9,7,10.09,,13456,29929,0,36864,0,827736.04,795485.61,49
141.3,212,0,203.5,0,971.8,748.5,3,4.83,,19965.69,44944,0,41412.25,0,944395.24,560252.25,9
122.6,183.9,0,203.5,0,958.2,800.1,7,10.35,,15030.76,33819.21,0,41412.25,0,918147.24,640160.01,49
166.8,250.2,0,203.5,0,975.6,692.6,90,43.57,,27822.24,62600.04,0,41412.25,0,951795.36,479694.76,8100
203.5,305.3,0,203.5,0,963.4,630,90,51.86,,41412.25,93208.09,0,41412.25,0,928139.56,396900,8100
310,0,0,192,0,1012,830,3,11.85,,96100,0,0,36864,0,1024144,688900,9
310,0,0,192,0,1012,830,7,17.24,,96100,0,0,36864,0,1024144,688900,49
310,0,0,192,0,1012,830,28,27.83,,96100,0,0,36864,0,1024144,688900,784
310,0,0,192,0,1012,830,90,35.76,,96100,0,0,36864,0,1024144,688900,8100
310,0,0,192,0,1012,830,120,38.7,,96100,0,0,36864,0,1024144,688900,14400
331,0,0,192,0,1025,821,3,14.31,,109561,0,0,36864,0,1050625,674041,9
331,0,0,192,0,1025,821,7,17.44,,109561,0,0,36864,0,1050625,674041,49
331,0,0,192,0,1025,821,28,31.74,,109561,0,0,36864,0,1050625,674041,784
331,0,0,192,0,1025,821,90,37.91,,109561,0,0,36864,0,1050625,674041,8100
331,0,0,192,0,1025,821,120,39.38,,109561,0,0,36864,0,1050625,674041,14400
349,0,0,192,0,1056,809,3,15.87,,121801,0,0,36864,0,1115136,654481,9
349,0,0,192,0,1056,809,7,9.01,,121801,0,0,36864,0,1115136,654481,49
349,0,0,192,0,1056,809,28,33.61,,121801,0,0,36864,0,1115136,654481,784
349,0,0,192,0,1056,809,90,40.66,,121801,0,0,36864,0,1115136,654481,8100
349,0,0,192,0,1056,809,120,40.86,,121801,0,0,36864,0,1115136,654481,14400
238,0,0,186,0,1119,789,7,12.05,,56644,0,0,34596,0,1252161,622521,49
238,0,0,186,0,1119,789,28,17.54,,56644,0,0,34596,0,1252161,622521,784
296,0,0,186,0,1090,769,7,18.91,,87616,0,0,34596,0,1188100,591361,49
296,0,0,186,0,1090,769,28,25.18,,87616,0,0,34596,0,1188100,591361,784
297,0,0,186,0,1040,734,7,30.96,,88209,0,0,34596,0,1081600,538756,49
480,0,0,192,0,936,721,28,43.89,,230400,0,0,36864,0,876096,519841,784
480,0,0,192,0,936,721,90,54.28,,230400,0,0,36864,0,876096,519841,8100
397,0,0,186,0,1040,734,28,36.94,,157609,0,0,34596,0,1081600,538756,784
281,0,0,186,0,1104,774,7,14.5,,78961,0,0,34596,0,1218816,599076,49
281,0,0,185,0,1104,774,28,22.44,,78961,0,0,34225,0,1218816,599076,784
500,0,0,200,0,1125,613,1,12.64,,250000,0,0,40000,0,1265625,375769,1
500,0,0,200,0,1125,613,3,26.06,,250000,0,0,40000,0,1265625,375769,9
500,0,0,200,0,1125,613,7,33.21,,250000,0,0,40000,0,1265625,375769,49
500,0,0,200,0,1125,613,14,36.94,,250000,0,0,40000,0,1265625,375769,196
500,0,0,200,0,1125,613,28,44.09,,250000,0,0,40000,0,1265625,375769,784
540,0,0,173,0,1125,613,7,52.61,,291600,0,0,29929,0,1265625,375769,49
540,0,0,173,0,1125,613,14,59.76,,291600,0,0,29929,0,1265625,375769,196
540,0,0,173,0,1125,613,28,67.31,,291600,0,0,29929,0,1265625,375769,784
540,0,0,173,0,1125,613,90,69.66,,291600,0,0,29929,0,1265625,375769,8100
540,0,0,173,0,1125,613,180,71.62,,291600,0,0,29929,0,1265625,375769,32400
540,0,0,173,0,1125,613,270,74.17,,291600,0,0,29929,0,1265625,375769,72900
350,0,0,203,0,974,775,7,18.13,,122500,0,0,41209,0,948676,600625,49
350,0,0,203,0,974,775,14,22.53,,122500,0,0,41209,0,948676,600625,196
350,0,0,203,0,974,775,28,27.34,,122500,0,0,41209,0,948676,600625,784
350,0,0,203,0,974,775,56,29.98,,122500,0,0,41209,0,948676,600625,3136
350,0,0,203,0,974,775,90,31.35,,122500,0,0,41209,0,948676,600625,8100
350,0,0,203,0,974,775,180,32.72,,122500,0,0,41209,0,948676,600625,32400
385,0,0,186,0,966,763,1,6.27,,148225,0,0,34596,0,933156,582169,1
385,0,0,186,0,966,763,3,14.7,,148225,0,0,34596,0,933156,582169,9
385,0,0,186,0,966,763,7,23.22,,148225,0,0,34596,0,933156,582169,49
385,0,0,186,0,966,763,14,27.92,,148225,0,0,34596,0,933156,582169,196
385,0,0,186,0,966,763,28,31.35,,148225,0,0,34596,0,933156,582169,784
331,0,0,192,0,978,825,180,39,,109561,0,0,36864,0,956484,680625,32400
331,0,0,192,0,978,825,360,41.24,,109561,0,0,36864,0,956484,680625,129600
349,0,0,192,0,1047,806,3,14.99,,121801,0,0,36864,0,1096209,649636,9
331,0,0,192,0,978,825,3,13.52,,109561,0,0,36864,0,956484,680625,9
382,0,0,186,0,1047,739,7,24,,145924,0,0,34596,0,1096209,546121,49
382,0,0,186,0,1047,739,28,37.42,,145924,0,0,34596,0,1096209,546121,784
382,0,0,186,0,1111,784,7,11.47,,145924,0,0,34596,0,1234321,614656,49
281,0,0,186,0,1104,774,28,22.44,,78961,0,0,34596,0,1218816,599076,784
339,0,0,185,0,1069,754,7,21.16,,114921,0,0,34225,0,1142761,568516,49
339,0,0,185,0,1069,754,28,31.84,,114921,0,0,34225,0,1142761,568516,784
295,0,0,185,0,1069,769,7,14.8,,87025,0,0,34225,0,1142761,591361,49
295,0,0,185,0,1069,769,28,25.18,,87025,0,0,34225,0,1142761,591361,784
238,0,0,185,0,1118,789,28,17.54,,56644,0,0,34225,0,1249924,622521,784
296,0,0,192,0,1085,765,7,14.2,,87616,0,0,36864,0,1177225,585225,49
296,0,0,192,0,1085,765,28,21.65,,87616,0,0,36864,0,1177225,585225,784
296,0,0,192,0,1085,765,90,29.39,,87616,0,0,36864,0,1177225,585225,8100
331,0,0,192,0,879,825,3,13.52,,109561,0,0,36864,0,772641,680625,9
331,0,0,192,0,978,825,7,16.26,,109561,0,0,36864,0,956484,680625,49
331,0,0,192,0,978,825,28,31.45,,109561,0,0,36864,0,956484,680625,784
331,0,0,192,0,978,825,90,37.23,,109561,0,0,36864,0,956484,680625,8100
349,0,0,192,0,1047,806,7,18.13,,121801,0,0,36864,0,1096209,649636,49
349,0,0,192,0,1047,806,28,32.72,,121801,0,0,36864,0,1096209,649636,784
349,0,0,192,0,1047,806,90,39.49,,121801,0,0,36864,0,1096209,649636,8100
349,0,0,192,0,1047,806,180,41.05,,121801,0,0,36864,0,1096209,649636,32400
349,0,0,192,0,1047,806,360,42.13,,121801,0,0,36864,0,1096209,649636,129600
302,0,0,203,0,974,817,14,18.13,,91204,0,0,41209,0,948676,667489,196
302,0,0,203,0,974,817,180,26.74,,91204,0,0,41209,0,948676,667489,32400
525,0,0,189,0,1125,613,180,61.92,,275625,0,0,35721,0,1265625,375769,32400
500,0,0,200,0,1125,613,90,47.22,,250000,0,0,40000,0,1265625,375769,8100
500,0,0,200,0,1125,613,180,51.04,,250000,0,0,40000,0,1265625,375769,32400
500,0,0,200,0,1125,613,270,55.16,,250000,0,0,40000,0,1265625,375769,72900
540,0,0,173,0,1125,613,3,41.64,,291600,0,0,29929,0,1265625,375769,9
252,0,0,185,0,1111,784,7,13.71,,63504,0,0,34225,0,1234321,614656,49
252,0,0,185,0,1111,784,28,19.69,,63504,0,0,34225,0,1234321,614656,784
339,0,0,185,0,1060,754,28,31.65,,114921,0,0,34225,0,1123600,568516,784
393,0,0,192,0,940,758,3,19.11,,154449,0,0,36864,0,883600,574564,9
393,0,0,192,0,940,758,28,39.58,,154449,0,0,36864,0,883600,574564,784
393,0,0,192,0,940,758,90,48.79,,154449,0,0,36864,0,883600,574564,8100
382,0,0,185,0,1047,739,7,24,,145924,0,0,34225,0,1096209,546121,49
382,0,0,185,0,1047,739,28,37.42,,145924,0,0,34225,0,1096209,546121,784
252,0,0,186,0,1111,784,7,11.47,,63504,0,0,34596,0,1234321,614656,49
252,0,0,185,0,1111,784,28,19.69,,63504,0,0,34225,0,1234321,614656,784
310,0,0,192,0,970,850,7,14.99,,96100,0,0,36864,0,940900,722500,49
310,0,0,192,0,970,850,28,27.92,,96100,0,0,36864,0,940900,722500,784
310,0,0,192,0,970,850,90,34.68,,96100,0,0,36864,0,940900,722500,8100
310,0,0,192,0,970,850,180,37.33,,96100,0,0,36864,0,940900,722500,32400
310,0,0,192,0,970,850,360,38.11,,96100,0,0,36864,0,940900,722500,129600
525,0,0,189,0,1125,613,3,33.8,,275625,0,0,35721,0,1265625,375769,9
525,0,0,189,0,1125,613,7,42.42,,275625,0,0,35721,0,1265625,375769,49
525,0,0,189,0,1125,613,14,48.4,,275625,0,0,35721,0,1265625,375769,196
525,0,0,189,0,1125,613,28,55.94,,275625,0,0,35721,0,1265625,375769,784
525,0,0,189,0,1125,613,90,58.78,,275625,0,0,35721,0,1265625,375769,8100
525,0,0,189,0,1125,613,270,67.11,,275625,0,0,35721,0,1265625,375769,72900
322,0,0,203,0,974,800,14,20.77,,103684,0,0,41209,0,948676,640000,196
322,0,0,203,0,974,800,28,25.18,,103684,0,0,41209,0,948676,640000,784
322,0,0,203,0,974,800,180,29.59,,103684,0,0,41209,0,948676,640000,32400
302,0,0,203,0,974,817,28,21.75,,91204,0,0,41209,0,948676,667489,784
397,0,0,185,0,1040,734,28,39.09,,157609,0,0,34225,0,1081600,538756,784
480,0,0,192,0,936,721,3,24.39,,230400,0,0,36864,0,876096,519841,9
522,0,0,146,0,896,896,7,50.51,,272484,0,0,21316,0,802816,802816,49
522,0,0,146,0,896,896,28,74.99,,272484,0,0,21316,0,802816,802816,784
273,105,82,210,9,904,680,28,37.17,,74529,11025,6724,44100,81,817216,462400,784
162,190,148,179,19,838,741,28,33.76,,26244,36100,21904,32041,361,702244,549081,784
154,144,112,220,10,923,658,28,16.5,,23716,20736,12544,48400,100,851929,432964,784
147,115,89,202,9,860,829,28,19.99,,21609,13225,7921,40804,81,739600,687241,784
152,178,139,168,18,944,695,28,36.35,,23104,31684,19321,28224,324,891136,483025,784
310,143,111,168,22,914,651,28,33.69,,96100,20449,12321,28224,484,835396,423801,784
144,0,175,158,18,943,844,28,15.42,,20736,0,30625,24964,324,889249,712336,784
304,140,0,214,6,895,722,28,33.42,,92416,19600,0,45796,36,801025,521284,784
374,0,0,190,7,1013,730,28,39.05,,139876,0,0,36100,49,1026169,532900,784
159,149,116,175,15,953,720,28,27.68,,25281,22201,13456,30625,225,908209,518400,784
153,239,0,200,6,1002,684,28,26.86,,23409,57121,0,40000,36,1004004,467856,784
310,143,0,168,10,914,804,28,45.3,,96100,20449,0,28224,100,835396,646416,784
305,0,100,196,10,959,705,28,30.12,,93025,0,10000,38416,100,919681,497025,784
151,0,184,167,12,991,772,28,15.57,,22801,0,33856,27889,144,982081,595984,784
142,167,130,174,11,883,785,28,44.61,,20164,27889,16900,30276,121,779689,616225,784
298,137,107,201,6,878,655,28,53.52,,88804,18769,11449,40401,36,770884,429025,784
321,164,0,190,5,870,774,28,57.21,,103041,26896,0,36100,25,756900,599076,784
366,187,0,191,7,824,757,28,65.91,,133956,34969,0,36481,49,678976,573049,784
280,129,100,172,9,825,805,28,52.82,,78400,16641,10000,29584,81,680625,648025,784
252,97,76,194,8,835,821,28,33.4,,63504,9409,5776,37636,64,697225,674041,784
165,0,150,182,12,1023,729,28,18.03,,27225,0,22500,33124,144,1046529,531441,784
156,243,0,180,11,1022,698,28,37.36,,24336,59049,0,32400,121,1044484,487204,784
160,188,146,203,11,829,710,28,32.84,,25600,35344,21316,41209,121,687241,504100,784
298,0,107,186,6,879,815,28,42.64,,88804,0,11449,34596,36,772641,664225,784
318,0,126,210,6,861,737,28,40.06,,101124,0,15876,44100,36,741321,543169,784
287,121,94,188,9,904,696,28,41.94,,82369,14641,8836,35344,81,817216,484416,784
326,166,0,174,9,882,790,28,61.23,,106276,27556,0,30276,81,777924,624100,784
356,0,142,193,11,801,778,28,40.87,,126736,0,20164,37249,121,641601,605284,784
132,207,161,179,5,867,736,28,33.3,,17424,42849,25921,32041,25,751689,541696,784
322,149,0,186,8,951,709,28,52.42,,103684,22201,0,34596,64,904401,502681,784
164,0,200,181,13,849,846,28,15.09,,26896,0,40000,32761,169,720801,715716,784
314,0,113,170,10,925,783,28,38.46,,98596,0,12769,28900,100,855625,613089,784
321,0,128,182,11,870,780,28,37.26,,103041,0,16384,33124,121,756900,608400,784
140,164,128,237,6,869,656,28,35.23,,19600,26896,16384,56169,36,755161,430336,784
288,121,0,177,7,908,829,28,42.13,,82944,14641,0,31329,49,824464,687241,784
298,0,107,210,11,880,744,28,31.87,,88804,0,11449,44100,121,774400,553536,784
265,111,86,195,6,833,790,28,41.54,,70225,12321,7396,38025,36,693889,624100,784
160,250,0,168,12,1049,688,28,39.45,,25600,62500,0,28224,144,1100401,473344,784
166,260,0,183,13,859,827,28,37.91,,27556,67600,0,33489,169,737881,683929,784
276,116,90,180,9,870,768,28,44.28,,76176,13456,8100,32400,81,756900,589824,784
322,0,116,196,10,818,813,28,31.18,,103684,0,13456,38416,100,669124,660969,784
149,139,109,193,6,892,780,28,23.69,,22201,19321,11881,37249,36,795664,608400,784
159,187,0,176,11,990,789,28,32.76,,25281,34969,0,30976,121,980100,622521,784
261,100,78,201,9,864,761,28,32.4,,68121,10000,6084,40401,81,746496,579121,784
237,92,71,247,6,853,695,28,28.63,,56169,8464,5041,61009,36,727609,483025,784
313,0,113,178,8,1002,689,28,36.8,,97969,0,12769,31684,64,1004004,474721,784
155,183,0,193,9,1047,697,28,18.28,,24025,33489,0,37249,81,1096209,485809,784
146,230,0,202,3,827,872,28,33.06,,21316,52900,0,40804,9,683929,760384,784
296,0,107,221,11,819,778,28,31.42,,87616,0,11449,48841,121,670761,605284,784
133,210,0,196,3,949,795,28,31.03,,17689,44100,0,38416,9,900601,632025,784
313,145,0,178,8,867,824,28,44.39,,97969,21025,0,31684,64,751689,678976,784
152,0,112,184,8,992,816,28,12.18,,23104,0,12544,33856,64,984064,665856,784
153,145,113,178,8,1002,689,28,25.56,,23409,21025,12769,31684,64,1004004,474721,784
140,133,103,200,7,916,753,28,36.44,,19600,17689,10609,40000,49,839056,567009,784
149,236,0,176,13,847,893,28,32.96,,22201,55696,0,30976,169,717409,797449,784
300,0,120,212,10,878,728,28,23.84,,90000,0,14400,44944,100,770884,529984,784
153,145,113,178,8,867,824,28,26.23,,23409,21025,12769,31684,64,751689,678976,784
148,0,137,158,16,1002,830,28,17.95,,21904,0,18769,24964,256,1004004,688900,784
326,0,138,199,11,801,792,28,40.68,,106276,0,19044,39601,121,641601,627264,784
153,145,0,178,8,1000,822,28,19.01,,23409,21025,0,31684,64,1000000,675684,784
262,111,86,195,5,895,733,28,33.72,,68644,12321,7396,38025,25,801025,537289,784
158,0,195,220,11,898,713,28,8.54,,24964,0,38025,48400,121,806404,508369,784
151,0,185,167,16,1074,678,28,13.46,,22801,0,34225,27889,256,1153476,459684,784
273,0,90,199,11,931,762,28,32.24,,74529,0,8100,39601,121,866761,580644,784
149,118,92,183,7,953,780,28,23.52,,22201,13924,8464,33489,49,908209,608400,784
143,169,143,191,8,967,643,28,29.72,,20449,28561,20449,36481,64,935089,413449,784
260,101,78,171,10,936,763,28,49.77,,67600,10201,6084,29241,100,876096,582169,784
313,161,0,178,10,917,759,28,52.44,,97969,25921,0,31684,100,840889,576081,784
284,120,0,168,7,970,794,28,40.93,,80656,14400,0,28224,49,940900,630436,784
336,0,0,182,3,986,817,28,44.86,,112896,0,0,33124,9,972196,667489,784
145,0,134,181,11,979,812,28,13.2,,21025,0,17956,32761,121,958441,659344,784
150,237,0,174,12,1069,675,28,37.43,,22500,56169,0,30276,144,1142761,455625,784
144,170,133,192,8,814,805,28,29.87,,20736,28900,17689,36864,64,662596,648025,784
331,170,0,195,8,811,802,28,56.61,,109561,28900,0,38025,64,657721,643204,784
155,0,143,193,9,1047,697,28,12.46,,24025,0,20449,37249,81,1096209,485809,784
155,183,0,193,9,877,868,28,23.79,,24025,33489,0,37249,81,769129,753424,784
135,0,166,180,10,961,805,28,13.29,,18225,0,27556,32400,100,923521,648025,784
266,112,87,178,10,910,745,28,39.42,,70756,12544,7569,31684,100,828100,555025,784
314,145,113,179,8,869,690,28,46.23,,98596,21025,12769,32041,64,755161,476100,784
313,145,0,127,8,1000,822,28,44.52,,97969,21025,0,16129,64,1000000,675684,784
146,173,0,182,3,986,817,28,23.74,,21316,29929,0,33124,9,972196,667489,784
144,136,106,178,7,941,774,28,26.14,,20736,18496,11236,31684,49,885481,599076,784
148,0,182,181,15,839,884,28,15.52,,21904,0,33124,32761,225,703921,781456,784
277,117,91,191,7,946,666,28,43.57,,76729,13689,8281,36481,49,894916,443556,784
298,0,107,164,13,953,784,28,35.86,,88804,0,11449,26896,169,908209,614656,784
313,145,0,178,8,1002,689,28,41.05,,97969,21025,0,31684,64,1004004,474721,784
155,184,143,194,9,880,699,28,28.99,,24025,33856,20449,37636,81,774400,488601,784
289,134,0,195,6,924,760,28,46.24,,83521,17956,0,38025,36,853776,577600,784
148,175,0,171,2,1000,828,28,26.92,,21904,30625,0,29241,4,1000000,685584,784
145,0,179,202,8,824,869,28,10.54,,21025,0,32041,40804,64,678976,755161,784
313,0,0,178,8,1000,822,28,25.1,,97969,0,0,31684,64,1000000,675684,784
136,162,126,172,10,923,764,28,29.07,,18496,26244,15876,29584,100,851929,583696,784
155,0,143,193,9,877,868,28,9.74,,24025,0,20449,37249,81,769129,753424,784
255,99,77,189,6,919,749,28,33.8,,65025,9801,5929,35721,36,844561,561001,784
162,207,172,216,10,822,638,28,39.84,,26244,42849,29584,46656,100,675684,407044,784
136,196,98,199,6,847,783,28,26.97,,18496,38416,9604,39601,36,717409,613089,784
164,163,128,197,8,961,641,28,27.23,,26896,26569,16384,38809,64,923521,410881,784
162,214,164,202,10,820,680,28,30.65,,26244,45796,26896,40804,100,672400,462400,784
157,214,152,200,9,819,704,28,33.05,,24649,45796,23104,40000,81,670761,495616,784
149,153,194,192,8,935,623,28,24.58,,22201,23409,37636,36864,64,874225,388129,784
135,105,193,196,6,965,643,28,21.91,,18225,11025,37249,38416,36,931225,413449,784
159,209,161,201,7,848,669,28,30.88,,25281,43681,25921,40401,49,719104,447561,784
144,15,195,176,6,1021,709,28,15.34,,20736,225,38025,30976,36,1042441,502681,784
154,174,185,228,7,845,612,28,24.34,,23716,30276,34225,51984,49,714025,374544,784
167,187,195,185,7,898,636,28,23.89,,27889,34969,38025,34225,49,806404,404496,784
184,86,190,213,6,923,623,28,22.93,,33856,7396,36100,45369,36,851929,388129,784
156,178,187,221,7,854,614,28,29.41,,24336,31684,34969,48841,49,729316,376996,784
236.9,91.7,71.5,246.9,6,852.9,695.4,28,28.63,,56121.61,8408.89,5112.25,60959.61,36,727438.41,483581.16,784
313.3,0,113,178.5,8,1001.9,688.7,28,36.8,,98156.89,0,12769,31862.25,64,1003803.61,474307.69,784
154.8,183.4,0,193.3,9.1,1047.4,696.7,28,18.29,,23963.04,33635.56,0,37364.89,82.81,1097046.76,485390.89,784
145.9,230.5,0,202.5,3.4,827,871.8,28,32.72,,21286.81,53130.25,0,41006.25,11.56,683929,760035.24,784
296,0,106.7,221.4,10.5,819.2,778.4,28,31.42,,87616,0,11384.89,49017.96,110.25,671088.64,605906.56,784
133.1,210.2,0,195.7,3.1,949.4,795.3,28,28.94,,17715.61,44184.04,0,38298.49,9.61,901360.36,632502.09,784
313.3,145,0,178.5,8,867.2,824,28,40.93,,98156.89,21025,0,31862.25,64,752035.84,678976,784
151.6,0,111.9,184.4,7.9,992,815.9,28,12.18,,22982.56,0,12521.61,34003.36,62.41,984064,665692.81,784
153.1,145,113,178.5,8,1001.9,688.7,28,25.56,,23439.61,21025,12769,31862.25,64,1003803.61,474307.69,784
139.9,132.6,103.3,200.3,7.4,916,753.4,28,36.44,,19572.01,17582.76,10670.89,40120.09,54.76,839056,567611.56,784
149.5,236,0,175.8,12.6,846.8,892.7,28,32.96,,22350.25,55696,0,30905.64,158.76,717070.24,796913.29,784
299.8,0,119.8,211.5,9.9,878.2,727.6,28,23.84,,89880.04,0,14352.04,44732.25,98.01,771235.24,529401.76,784
153.1,145,113,178.5,8,867.2,824,28,26.23,,23439.61,21025,12769,31862.25,64,752035.84,678976,784
148.1,0,136.6,158.1,16.1,1001.8,830.1,28,17.96,,21933.61,0,18659.56,24995.61,259.21,1003603.24,689066.01,784
326.5,0,137.9,199,10.8,801.1,792.5,28,38.63,,106602.25,0,19016.41,39601,116.64,641761.21,628056.25,784
152.7,144.7,0,178.1,8,999.7,822.2,28,19.01,,23317.29,20938.09,0,31719.61,64,999400.09,676012.84,784
261.9,110.5,86.1,195.4,5,895.2,732.6,28,33.72,,68591.61,12210.25,7413.21,38181.16,25,801383.04,536702.76,784
158.4,0,194.9,219.7,11,897.7,712.9,28,8.54,,25090.56,0,37986.01,48268.09,121,805865.29,508226.41,784
150.7,0,185.3,166.7,15.6,1074.5,678,28,13.46,,22710.49,0,34336.09,27788.89,243.36,1154550.25,459684,784
272.6,0,89.6,198.7,10.6,931.3,762.2,28,32.25,,74310.76,0,8028.16,39481.69,112.36,867319.69,580948.84,784
149,117.6,91.7,182.9,7.1,953.4,780.3,28,23.52,,22201,13829.76,8408.89,33452.41,50.41,908971.56,608868.09,784
143,169.4,142.7,190.7,8.4,967.4,643.5,28,29.73,,20449,28696.36,20363.29,36366.49,70.56,935862.76,414092.25,784
259.9,100.6,78.4,170.6,10.4,935.7,762.9,28,49.77,,67548.01,10120.36,6146.56,29104.36,108.16,875534.49,582016.41,784
312.9,160.5,0,177.6,9.6,916.6,759.5,28,52.45,,97906.41,25760.25,0,31541.76,92.16,840155.56,576840.25,784
284,119.7,0,168.3,7.2,970.4,794.2,28,40.93,,80656,14328.09,0,28324.89,51.84,941676.16,630753.64,784
336.5,0,0,181.9,3.4,985.8,816.8,28,44.87,,113232.25,0,0,33087.61,11.56,971801.64,667162.24,784
144.8,0,133.6,180.8,11.1,979.5,811.5,28,13.2,,20967.04,0,17848.96,32688.64,123.21,959420.25,658532.25,784
150,236.8,0,173.8,11.9,1069.3,674.8,28,37.43,,22500,56074.24,0,30206.44,141.61,1143402.49,455355.04,784
143.7,170.2,132.6,191.6,8.5,814.1,805.3,28,29.87,,20649.69,28968.04,17582.76,36710.56,72.25,662758.81,648508.09,784
330.5,169.6,0,194.9,8.1,811,802.3,28,56.62,,109230.25,28764.16,0,37986.01,65.61,657721,643685.29,784
154.8,0,142.8,193.3,9.1,1047.4,696.7,28,12.46,,23963.04,0,20391.84,37364.89,82.81,1097046.76,485390.89,784
154.8,183.4,0,193.3,9.1,877.2,867.7,28,23.79,,23963.04,33635.56,0,37364.89,82.81,769479.84,752903.29,784
134.7,0,165.7,180.2,10,961,804.9,28,13.29,,18144.09,0,27456.49,32472.04,100,923521,647864.01,784
266.2,112.3,87.5,177.9,10.4,909.7,744.5,28,39.42,,70862.44,12611.29,7656.25,31648.41,108.16,827554.09,554280.25,784
314,145.3,113.2,178.9,8,869.1,690.2,28,46.23,,98596,21112.09,12814.24,32005.21,64,755334.81,476376.04,784
312.7,144.7,0,127.3,8,999.7,822.2,28,44.52,,97781.29,20938.09,0,16205.29,64,999400.09,676012.84,784
145.7,172.6,0,181.9,3.4,985.8,816.8,28,23.74,,21228.49,29790.76,0,33087.61,11.56,971801.64,667162.24,784
143.8,136.3,106.2,178.1,7.5,941.5,774.3,28,26.15,,20678.44,18577.69,11278.44,31719.61,56.25,886422.25,599540.49,784
148.1,0,182.1,181.4,15,838.9,884.3,28,15.53,,21933.61,0,33160.41,32905.96,225,703753.21,781986.49,784
277,116.8,91,190.6,7,946.5,665.6,28,43.58,,76729,13642.24,8281,36328.36,49,895862.25,443023.36,784
298.1,0,107.5,163.6,12.8,953.2,784,28,35.87,,88863.61,0,11556.25,26764.96,163.84,908590.24,614656,784
313.3,145,0,178.5,8,1001.9,688.7,28,41.05,,98156.89,21025,0,31862.25,64,1003803.61,474307.69,784
155.2,183.9,143.2,193.8,9.2,879.6,698.5,28,28.99,,24087.04,33819.21,20506.24,37558.44,84.64,773696.16,487902.25,784
289,133.7,0,194.9,5.5,924.1,760.1,28,46.25,,83521,17875.69,0,37986.01,30.25,853960.81,577752.01,784
147.8,175.1,0,171.2,2.2,1000,828.5,28,26.92,,21844.84,30660.01,0,29309.44,4.84,1000000,686412.25,784
145.4,0,178.9,201.7,7.8,824,868.7,28,10.54,,21141.16,0,32005.21,40682.89,60.84,678976,754639.69,784
312.7,0,0,178.1,8,999.7,822.2,28,25.1,,97781.29,0,0,31719.61,64,999400.09,676012.84,784
136.4,161.6,125.8,171.6,10.4,922.6,764.4,28,29.07,,18604.96,26114.56,15825.64,29446.56,108.16,851190.76,584307.36,784
154.8,0,142.8,193.3,9.1,877.2,867.7,28,9.74,,23963.04,0,20391.84,37364.89,82.81,769479.84,752903.29,784
255.3,98.8,77,188.6,6.5,919,749.3,28,33.8,,65178.09,9761.44,5929,35569.96,42.25,844561,561450.49,784
272.8,105.1,81.8,209.7,9,904,679.7,28,37.17,,74419.84,11046.01,6691.24,43974.09,81,817216,461992.09,784
162,190.1,148.1,178.8,18.8,838.1,741.4,28,33.76,,26244,36138.01,21933.61,31969.44,353.44,702411.61,549673.96,784
153.6,144.2,112.3,220.1,10.1,923.2,657.9,28,16.5,,23592.96,20793.64,12611.29,48444.01,102.01,852298.24,432832.41,784
146.5,114.6,89.3,201.9,8.8,860,829.5,28,19.99,,21462.25,13133.16,7974.49,40763.61,77.44,739600,688070.25,784
151.8,178.1,138.7,167.5,18.3,944,694.6,28,36.35,,23043.24,31719.61,19237.69,28056.25,334.89,891136,482469.16,784
309.9,142.8,111.2,167.8,22.1,913.9,651.2,28,38.22,,96038.01,20391.84,12365.44,28156.84,488.41,835213.21,424061.44,784
143.6,0,174.9,158.4,17.9,942.7,844.5,28,15.42,,20620.96,0,30590.01,25090.56,320.41,888683.29,713180.25,784
303.6,139.9,0,213.5,6.2,895.5,722.5,28,33.42,,92172.96,19572.01,0,45582.25,38.44,801920.25,522006.25,784
374.3,0,0,190.2,6.7,1013.2,730.4,28,39.06,,140100.49,0,0,36176.04,44.89,1026574.24,533484.16,784
158.6,148.9,116,175.1,15,953.3,719.7,28,27.68,,25153.96,22171.21,13456,30660.01,225,908780.89,517968.09,784
152.6,238.7,0,200,6.3,1001.8,683.9,28,26.86,,23286.76,56977.69,0,40000,39.69,1003603.24,467719.21,784
310,142.8,0,167.9,10,914.3,804,28,45.3,,96100,20391.84,0,28190.41,100,835944.49,646416,784
304.8,0,99.6,196,9.8,959.4,705.2,28,30.12,,92903.04,0,9920.16,38416,96.04,920448.36,497307.04,784
150.9,0,183.9,166.6,11.6,991.2,772.2,28,15.57,,22770.81,0,33819.21,27755.56,134.56,982477.44,596292.84,784
141.9,166.6,129.7,173.5,10.9,882.6,785.3,28,44.61,,20135.61,27755.56,16822.09,30102.25,118.81,778982.76,616696.09,784
297.8,137.2,106.9,201.3,6,878.4,655.3,28,53.52,,88684.84,18823.84,11427.61,40521.69,36,771586.56,429418.09,784
321.3,164.2,0,190.5,4.6,870,774,28,57.22,,103233.69,26961.64,0,36290.25,21.16,756900,599076,784
366,187,0,191.3,6.6,824.3,756.9,28,65.91,,133956,34969,0,36595.69,43.56,679470.49,572897.61,784
279.8,128.9,100.4,172.4,9.5,825.1,804.9,28,52.83,,78288.04,16615.21,10080.16,29721.76,90.25,680790.01,647864.01,784
252.1,97.1,75.6,193.8,8.3,835.5,821.4,28,33.4,,63554.41,9428.41,5715.36,37558.44,68.89,698060.25,674697.96,784
164.6,0,150.4,181.6,11.7,1023.3,728.9,28,18.03,,27093.16,0,22620.16,32978.56,136.89,1047142.89,531295.21,784
155.6,243.5,0,180.3,10.7,1022,697.7,28,37.36,,24211.36,59292.25,0,32508.09,114.49,1044484,486785.29,784
160.2,188,146.4,203.2,11.3,828.7,709.7,28,35.31,,25664.04,35344,21432.96,41290.24,127.69,686743.69,503674.09,784
298.1,0,107,186.4,6.1,879,815.2,28,42.64,,88863.61,0,11449,34744.96,37.21,772641,664551.04,784
317.9,0,126.5,209.7,5.7,860.5,736.6,28,40.06,,101060.41,0,16002.25,43974.09,32.49,740460.25,542579.56,784
287.3,120.5,93.9,187.6,9.2,904.4,695.9,28,43.8,,82541.29,14520.25,8817.21,35193.76,84.64,817939.36,484276.81,784
325.6,166.4,0,174,8.9,881.6,790,28,61.24,,106015.36,27688.96,0,30276,79.21,777218.56,624100,784
355.9,0,141.6,193.3,11,801.4,778.4,28,40.87,,126664.81,0,20050.56,37364.89,121,642241.96,605906.56,784
132,206.5,160.9,178.9,5.5,866.9,735.6,28,33.31,,17424,42642.25,25888.81,32005.21,30.25,751515.61,541107.36,784
322.5,148.6,0,185.8,8.5,951,709.5,28,52.43,,104006.25,22081.96,0,34521.64,72.25,904401,503390.25,784
164.2,0,200.1,181.2,12.6,849.3,846,28,15.09,,26961.64,0,40040.01,32833.44,158.76,721310.49,715716,784
313.8,0,112.6,169.9,10.1,925.3,782.9,28,38.46,,98470.44,0,12678.76,28866.01,102.01,856180.09,612932.41,784
321.4,0,127.9,182.5,11.5,870.1,779.7,28,37.27,,103297.96,0,16358.41,33306.25,132.25,757074.01,607932.09,784
139.7,163.9,127.7,236.7,5.8,868.6,655.6,28,35.23,,19516.09,26863.21,16307.29,56026.89,33.64,754465.96,429811.36,784
288.4,121,0,177.4,7,907.9,829.5,28,42.14,,83174.56,14641,0,31470.76,49,824282.41,688070.25,784
298.2,0,107,209.7,11.1,879.6,744.2,28,31.88,,88923.24,0,11449,43974.09,123.21,773696.16,553833.64,784
264.5,111,86.5,195.5,5.9,832.6,790.4,28,41.54,,69960.25,12321,7482.25,38220.25,34.81,693222.76,624732.16,784
159.8,250,0,168.4,12.2,1049.3,688.2,28,39.46,,25536.04,62500,0,28358.56,148.84,1101030.49,473619.24,784
166,259.7,0,183.2,12.7,858.8,826.8,28,37.92,,27556,67444.09,0,33562.24,161.29,737537.44,683598.24,784
276.4,116,90.3,179.6,8.9,870.1,768.3,28,44.28,,76396.96,13456,8154.09,32256.16,79.21,757074.01,590284.89,784
322.2,0,115.6,196,10.4,817.9,813.4,28,31.18,,103812.84,0,13363.36,38416,108.16,668960.41,661619.56,784
148.5,139.4,108.6,192.7,6.1,892.4,780,28,23.7,,22052.25,19432.36,11793.96,37133.29,37.21,796377.76,608400,784
159.1,186.7,0,175.6,11.3,989.6,788.9,28,32.77,,25312.81,34856.89,0,30835.36,127.69,979308.16,622363.21,784
260.9,100.5,78.3,200.6,8.6,864.5,761.5,28,32.4,,68068.81,10100.25,6130.89,40240.36,73.96,747360.25,579882.25,784
